title	url
738. Do you remember…? with Mum, Dad & James / Family Stories with The Thompsons	https://teacherluke.co.uk/2021/09/02/738-do-you-remember-with-mum-dad-james-family-stories-with-the-thompsons/
737. A Summer Ramble 2 (Late August 2021)	https://teacherluke.co.uk/2021/08/26/737-a-summer-ramble-2-late-august-2021/
736. The War of the Worlds by H.G. Wells [Part 3] Learn English with Stories	https://teacherluke.co.uk/2021/08/11/736-the-war-of-the-worlds-by-h-g-wells-part-3-learn-english-with-stories/
735. The War of the Worlds by H.G. Wells [Part 2] Learn English with Stories	https://teacherluke.co.uk/2021/08/11/735-the-war-of-the-worlds-by-h-g-wells-part-2-learn-english-with-stories/
734. The War of the Worlds by H.G. Wells [Part 1] Learn English with Stories	https://teacherluke.co.uk/2021/08/11/734-the-war-of-the-worlds-by-h-g-wells-part-1-learn-english-with-stories/
733. A Summer Ramble	https://teacherluke.co.uk/2021/08/03/733-a-summer-ramble/
732. Christian from Canguro English returns	https://teacherluke.co.uk/2021/07/29/732-christian-from-canguro-english-returns/
731. Beatles Song Lyrics / Idioms & Expressions (with Antony Rotunno)	https://teacherluke.co.uk/2021/07/25/731-beatles-song-lyrics-idioms-expressions-with-antony-rotunno/
730. Marie Connolly Returns (+ 2 songs)	https://teacherluke.co.uk/2021/07/19/730-marie-connolly-returns-2-songs/
729. TOEFL and the Duolingo English Test (with Josh MacPherson from TSTPrep.com)	https://teacherluke.co.uk/2021/07/13/729-toefl-and-the-duolingo-english-test-with-josh-macpherson-from-tstprep-com/
728. English with Rob / Games, Music & Jingles	https://teacherluke.co.uk/2021/07/05/728-english-with-rob-games-music-jingles/
727. Describing John Lennon / Adjectives of Personality J-Z (with Antony Rotunno)	https://teacherluke.co.uk/2021/06/30/727-describing-john-lennon-adjectives-of-personality-j-z-with-antony-rotunno/
726. Describing John Lennon / Adjectives of Personality A-I (with Antony Rotunno)	https://teacherluke.co.uk/2021/06/26/726-describing-john-lennon-adjectives-of-personality-a-i-with-antony-rotunno/
725. Fun & Games for Learning English with Vickie Kelty	https://teacherluke.co.uk/2021/06/17/725-fun-games-for-learning-english-with-vickie-kelty/
724. The Mountain (Short Story) + Video	https://teacherluke.co.uk/2021/06/11/724-the-mountain-short-story-video/
723. Bahar from Iran  (WISBOLEP Runner-Up)	https://teacherluke.co.uk/2021/06/04/723-bahar-from-iran-wisbolep-runner-up/
722. Discussing John Lennon with Antony Rotunno	https://teacherluke.co.uk/2021/05/29/722-discussing-john-lennon-with-antony-rotunno/
721. Collins Dictionary Word Quizzes / Confusing Words with Fred Eyangoh	https://teacherluke.co.uk/2021/05/24/721-collins-dictionary-word-quizzes-with-fred-eyangoh/
720. How Fred Learns Vocabulary with the New York Times Spelling Bee (with Fred Eyangoh)	https://teacherluke.co.uk/2021/05/18/720-how-fred-learns-vocabulary-with-the-new-york-times-spelling-bee-with-fred-eyangoh/
719. Amber & Paul are on the Podcast	https://teacherluke.co.uk/2021/05/10/719-amber-paul-are-on-the-podcast/
718. Michael the Shaman  (WISBLOEP Runner-Up)	https://teacherluke.co.uk/2021/05/03/718-michael-the-shaman-wisbloep-runner-up/
717. Gill’s Book Club: “One Two Three Four – The Beatles In Time” by Craig Brown	https://teacherluke.co.uk/2021/04/27/717-gills-book-club-one-two-three-four-the-beatles-in-time-by-craig-brown/
716. Interview with a Pop Star from the 1960s – Megan Brady from The Applejacks	https://teacherluke.co.uk/2021/04/22/716-interview-with-a-pop-star-from-the-1960s-megan-brady-from-the-applejacks/
715. Catching up with Craig Wealand [LEP/AIRC Swapcast]	https://teacherluke.co.uk/2021/04/16/715-catching-up-with-craig-wealand-lep-airc-swapcast/
714. Robin from Hamburg  (WISBOLEP Runner-Up)	https://teacherluke.co.uk/2021/04/11/714-robin-from-hamburg-%f0%9f%87%a9%f0%9f%87%aa-wisbolep-runner-up/
713. Lucky Dip with Paul Taylor	https://teacherluke.co.uk/2021/04/07/713-lucky-dip-with-paul-taylor/
712. A Chat with Charlie Baxter	https://teacherluke.co.uk/2021/04/03/712-a-chat-with-charlie-baxter/
711. William from France  (WISBOLEP Runner-UP)	https://teacherluke.co.uk/2021/03/26/711-william-from-france-%f0%9f%87%ab%f0%9f%87%b7-wisbolep-runner-up/
710. The Umbrella Man by Roald Dahl (Short Story)	https://teacherluke.co.uk/2021/03/17/710-the-umbrella-man-by-roald-dahl-short-story/
709. The Stoicism of Groundhog Day (with Mum)	https://teacherluke.co.uk/2021/03/11/709-the-stoicism-of-groundhog-day-with-mum/
708. Tasha Liu from China (WISBOLEP Runner-Up)	https://teacherluke.co.uk/2021/03/05/708-tasha-liu-from-china-wisbolep-runner-up/
707. [2/2] Let’s Play Another Text Adventure Game – “Zombolocaust” by Peter Carlson	https://teacherluke.co.uk/2021/03/01/707-2-2-lets-play-another-text-adventure-game-zombolocaust-by-peter-carlson/
706. [1/2] Let’s Play Another Text Adventure Game – “Zombolocaust” by Peter Carlson	https://teacherluke.co.uk/2021/02/27/706-1-2-lets-play-another-text-adventure-game-zombolocaust-by-peter-carlson/
705. Kate Billington Returns (and she brought cake)	https://teacherluke.co.uk/2021/02/24/705-kate-billington-returns-and-she-brought-cake/
704. The Rick Thompson Report: Brexit Update (February 2021)	https://teacherluke.co.uk/2021/02/11/704-the-rick-thompson-report-brexit-update-february-2021/
703. Walaa from Syria – WISBOLEP Competition Winner	https://teacherluke.co.uk/2021/02/03/703-walaa-from-syria-wisbolep-competition-winner-%f0%9f%8f%86/
702. Emergency Questions (with James)	https://teacherluke.co.uk/2021/01/25/702-emergency-questions-with-james/
701. Legal English with Louise Kulbicki	https://teacherluke.co.uk/2021/01/19/701-legal-english-with-louise-kulbicki/
700. Marooned With My Music: Luke Thompson	https://teacherluke.co.uk/2021/01/13/700-marooned-with-my-music-luke-thompson/
699. Welcome (back) to Luke’s English Podcast / FAQ (January 2021)	https://teacherluke.co.uk/2021/01/07/699-welcome-back-to-lukes-english-podcast-faq-january-2021/
698. Paul is on the Podcast / Random Questions with Paul Taylor	https://teacherluke.co.uk/2020/12/23/698-paul-is-on-the-podcast-random-questions-with-paul-taylor/
697. 11 Christmas Cracker Jokes for 2020, Explained	https://teacherluke.co.uk/2020/12/18/697-11-christmas-cracker-jokes-for-2020-explained/
696. WISBOLEP Competition Results + RAMBLE	https://teacherluke.co.uk/2020/12/16/696-wisbolep-competition-results-ramble/
695. Pronunciation, Pragmatics & Procrastination with Emma	https://teacherluke.co.uk/2020/12/11/695-pronunciation-pragmatics-procrastination-with-emma/
694. The Crown / The Royal Family (A Royal Ramble with My Wife)	https://teacherluke.co.uk/2020/12/07/694-the-crown-the-royal-family-a-royal-ramble-with-my-wife/
693. English With Lucy / A Conversation with Lucy Earl	https://teacherluke.co.uk/2020/11/30/693-english-with-lucy-a-conversation-with-lucy-earl/
692. WISBOLEP Competition Entries – Listen & Vote!	https://teacherluke.co.uk/2020/11/23/wisbolep/
691. Jerome Butler – Dialect Coach	https://teacherluke.co.uk/2020/11/18/691-jerome-butler-dialect-coach/
690. Urban vs Rural / Living Abroad / Cultural Differences (with Cara Leopold)	https://teacherluke.co.uk/2020/11/12/690-urban-vs-rural-living-abroad-cultural-differences-with-cara-leopold/
689. Baking Cakes, Telling Jokes & Speaking Chinese with Kate Billington	https://teacherluke.co.uk/2020/11/06/689-baking-cakes-telling-jokes-speaking-chinese-with-kate-billington/
688. Sean Connery	https://teacherluke.co.uk/2020/11/02/689-sean-connery/
687. WISBOLEP Problem / Polite Requests / An Inspiring Email / Fly Me To the Moon	https://teacherluke.co.uk/2020/10/29/687-wisbolep-problem-polite-requests-an-inspiring-email-fly-me-to-the-moon/
686. Christian from Canguro English	https://teacherluke.co.uk/2020/10/27/686-christian-from-canguro-english/
685. Raising Bilingual Children [1] Alex and his daughter Alice, in Moscow	https://teacherluke.co.uk/2020/10/21/685-raising-bilingual-children-1-alex-and-his-daughter-alice-in-moscow/
684. Chasing the Tangent Train with Elspeth Graty	https://teacherluke.co.uk/2020/10/15/684-chasing-the-tangent-train-with-elspeth-graty/
683. Feelgood Stories of Flirting with Marie Connolly	https://teacherluke.co.uk/2020/10/09/683-feelgood-stories-of-flirting-with-marie-connolly/
682. Key Features of English Accents, Explained	https://teacherluke.co.uk/2020/09/25/682-key-features-of-english-accents-explained/
681. New Competition: Why I Should Be On LEP (WISBOLEP) / Story: The First Time I Said F*ck	https://teacherluke.co.uk/2020/09/16/681-new-competition-why-i-should-be-on-lep-wisbolep-story-the-first-time-i-said-fck/
680. Park Life – A Year in The Wildlife Of An Urban Park (by Rick Thompson) / Animal Collective Nouns	https://teacherluke.co.uk/2020/09/09/680-park-life-a-year-in-the-wildlife-of-an-urban-park-by-rick-thompson-animal-collective-nouns/
679. Gill’s Book Club: A Gentleman In Moscow	https://teacherluke.co.uk/2020/09/04/679-gills-book-club-a-gentleman-in-moscow/
678. The Vintage Furniture Trade in London (with Howard Roach)	https://teacherluke.co.uk/2020/08/28/678-the-vintage-furniture-trade-in-london-with-howard-roach/
677. A Post-Holiday Ramble / Holiday Vocab / Stories	https://teacherluke.co.uk/2020/08/21/677-a-post-holiday-ramble-holiday-vocab-stories/
676. David Crystal: Let’s Talk – How English Conversation Works	https://teacherluke.co.uk/2020/08/01/676-david-crystal-lets-talk-how-english-conversation-works/
675. An Unplanned Pre-Holiday Ramble (July 2020)	https://teacherluke.co.uk/2020/07/24/675-an-unplanned-pre-holiday-ramble-july-2020/
674. 19 Amusing Insurance Claims / Car Crash Vocabulary	https://teacherluke.co.uk/2020/07/16/674-19-amusing-insurance-claims-car-crash-vocabulary/
673. Conspiracies / UFOs / Life Hacks (with James)	https://teacherluke.co.uk/2020/07/07/673-conspiracies-ufos-life-hacks-with-james/
672. The Rick Thompson Report: COVID / BREXIT / BLM (July 2020)	https://teacherluke.co.uk/2020/07/03/672-the-rick-thompson-report-covid-brexit-blm-july-2020/
671. Aussie English with Pete Smissen	https://teacherluke.co.uk/2020/06/30/671-aussie-english-with-pete-smissen/
670. Language Learning with James Harris	https://teacherluke.co.uk/2020/06/22/670-language-learning-with-james-harris/
669. How to Learn English	https://teacherluke.co.uk/2020/06/18/669-how-to-learn-english/
668. LEP LIVE! Ask Me Anything / Hang Out With Luke (AUDIO VERSION)	https://teacherluke.co.uk/2020/06/13/668-lep-live-ask-me-anything-hang-out-with-luke-audio-version/
667. Four Way Call (with Alex, Moz & Paul)	https://teacherluke.co.uk/2020/06/08/667-four-way-call-with-alex-moz-paul/
666. [Part 3] Favourite Scary Films (with James)	https://teacherluke.co.uk/2020/05/29/666-part-3-favourite-scary-films-with-james/
666. [Part 2] Frightening Experiences (with James)	https://teacherluke.co.uk/2020/05/27/666-part-2-frightening-experiences-with-james/
666. [Part 1] The Number of the Beast / Scary Music / Black Sabbath (with James)	https://teacherluke.co.uk/2020/05/25/666-part-1-the-number-of-the-beast-scary-music-black-sabbath-with-james/
665. A Chinwag with Sebastian Marx / 18+ British slang phrases that Americans don’t understand	https://teacherluke.co.uk/2020/05/20/665-a-chinwag-with-sebastian-marx-18-british-slang-phrases-that-americans-dont-understand/
664. Lockdown Ramble with My Wife	https://teacherluke.co.uk/2020/05/15/664-lockdown-ramble-with-my-wife/
663. The Lockdown Lying Game with Amber & Paul	https://teacherluke.co.uk/2020/05/04/663-the-lockdown-lying-game-with-amber-paul/
662. Catching Up with Amber & Paul #10 (Surviving Lockdown with Kids)	https://teacherluke.co.uk/2020/04/29/662-catching-up-with-amber-paul-10-surviving-lockdown-with-kids/
661. An Englishman in Los Angeles (with Oli)	https://teacherluke.co.uk/2020/04/17/661-an-englishman-in-los-angeles-headhunted-by-netflix-divided-by-a-common-language-with-oli-thompson/
660. Using TV Series & Films to Improve Your English	https://teacherluke.co.uk/2020/04/14/660-using-tv-series-films-to-improve-your-english/
659. Lockdown Chat with Cara Leopold	https://teacherluke.co.uk/2020/04/11/659-lockdown-chat-with-cara-leopold/
658. [2/2] Why do Brits sing with American accents?	https://teacherluke.co.uk/2020/04/08/658-2-2-why-do-brits-sing-with-american-accents/
657. [1/2] Why do Brits sing with American accents?	https://teacherluke.co.uk/2020/04/07/657-1-2-why-do-brits-sing-with-american-accents/
656. British Comedy: Karl Pilkington’s Monkey News / The Ricky Gervais Show	https://teacherluke.co.uk/2020/03/31/656-british-comedy-karl-pilkingtons-monkey-news-the-ricky-gervais-show/
655. Coping with Isolation / Describing Feelings and Emotions – Vocabulary & Experiences	https://teacherluke.co.uk/2020/03/28/655-coping-with-isolation-describing-feelings-and-emotions-vocabulary-experiences/
654. Computer-based IELTS / Stories about The First Time… (with Jessica Beck from IELTS Energy Podcast)	https://teacherluke.co.uk/2020/03/23/654-computer-based-ielts-stories-about-the-first-time-with-jessica-beck-from-ielts-energy-podcast/
653. Gill’s Book Club – “The Five: The Untold Lives of the Women Killed by Jack the Ripper” by Hallie Rubenhold / How to read books to improve your English	https://teacherluke.co.uk/2020/03/20/653-gills-book-club-the-five-the-untold-lives-of-the-women-killed-by-jack-the-ripper-by-hallie-rubenhold/
652. The Rick Thompson Report: Coronavirus (COVID-19)	https://teacherluke.co.uk/2020/03/13/652-the-rick-thompson-report-coronavirus-covid-19/
651. Coronavirus (COVID-19) Vocabulary	https://teacherluke.co.uk/2020/03/13/651-coronavirus-covid-19-vocabulary/
650. British Music: Jungle (with James)	https://teacherluke.co.uk/2020/03/10/650-british-music-jungle-with-james/
649. An Unedited Ramble (March 2020) Never Explain, Never Apologise? / No Stress / Method To The Madness / 3 Songs on Guitar	https://teacherluke.co.uk/2020/03/05/649-an-unedited-ramble-march-2020-never-explain-never-apologise-no-stress-method-to-the-madness-3-songs-on-guitar/
648. Ian Moore Returns	https://teacherluke.co.uk/2020/02/24/648-ian-moore-returns/
647. British Comedy: Alan Partridge (Part 6)	https://teacherluke.co.uk/2020/02/21/647-british-comedy-alan-partridge-part-6/
646. British Comedy: Alan Partridge (Part 5)	https://teacherluke.co.uk/2020/02/20/646-british-comedy-alan-partridge-part-5/
645. British Comedy: Alan Partridge (Part 4)	https://teacherluke.co.uk/2020/02/17/645-british-comedy-alan-partridge-part-4/
644. The Rick Thompson Report: Is Brexit Done?	https://teacherluke.co.uk/2020/02/14/644-the-rick-thompson-report-is-brexit-done/
643. The Intercultural Communication Dance with Sherwood Fleming	https://teacherluke.co.uk/2020/02/11/643-the-intercultural-communication-dance-with-sherwood-fleming/
642. The Lying Game Returns (with Amber & Paul)	https://teacherluke.co.uk/2020/02/06/642-the-lying-game-returns-with-amber-paul/
641. Catching Up with Amber & Paul #9	https://teacherluke.co.uk/2020/02/02/641-catching-up-with-amber-paul-9/
640. IELTS Speaking Success with Keith O’Hare	https://teacherluke.co.uk/2020/01/28/640-ielts-speaking-success-with-keith-ohare/
639. 3 Quintessentially British Books (that you might not know about) with Mum	https://teacherluke.co.uk/2020/01/23/639-3-quintessentially-british-books-that-you-might-not-know-about-with-mum/
638. 3 Quintessentially British Things (that you might not know about) with Dad	https://teacherluke.co.uk/2020/01/19/638-3-quintessentially-british-things-that-you-might-not-know-about-with-dad/
637. 5 Quintessentially English Things (that you might not know about) with James	https://teacherluke.co.uk/2020/01/14/637-5-quintessentially-english-things-that-you-might-not-know-about-with-james/
636. James & Luke Discuss Star Wars IX (SPOILERS) Final Star Wars Episode Ever?	https://teacherluke.co.uk/2020/01/10/636-james-luke-discuss-star-wars-ix-spoilers-final-star-wars-episode-ever/
635. A New Year Ramble for 2020 (Part 2) Motivation / New Year’s Rules / Bilingual Daughter / Neil Innes	https://teacherluke.co.uk/2020/01/08/635-a-new-year-ramble-for-2020-part-2-motivation-new-years-rules-bilingual-daughter-neil-innes/
634. A New Year Ramble for 2020 (Part 1)	https://teacherluke.co.uk/2020/01/06/634-a-new-year-ramble-for-2020-part-1/
633. Star Wars IX: The Rise of Skywalker (SPOILER REVIEW)	https://teacherluke.co.uk/2019/12/18/633-star-wars-ix-the-rise-of-skywalker-spoiler-review/
632. Star Wars IX: The Rise of Skywalker (No Spoilers!)	https://teacherluke.co.uk/2019/12/17/632-star-wars-ix-the-rise-of-skywalker-no-spoilers/
631. 29 Awful Christmas Jokes, Explained	https://teacherluke.co.uk/2019/12/16/631-29-awful-christmas-jokes-explained/
630. The English Guy with a Sitcom on Japanese TV (with BJ Fox)	https://teacherluke.co.uk/2019/12/09/630-the-english-guy-with-a-sitcom-on-japanese-tv-with-bj-fox/
629. Do you ever … ? (with James) Strange Habits & Funny Observations	https://teacherluke.co.uk/2019/12/02/629-do-you-ever-with-james-strange-habits-funny-observations/
628. OASIS (with James)	https://teacherluke.co.uk/2019/11/26/628-oasis-with-james/
627. Emina’s Long Journey to English Proficiency	https://teacherluke.co.uk/2019/11/19/627-eminas-long-journey-to-english-proficiency/
626. The Rick Thompson Report: Boris Johnson’s Brexit Deal / General Election / Football	https://teacherluke.co.uk/2019/11/13/626-the-rick-thompson-report-boris-johnsons-brexit-deal-general-election-football/
625. 88 English expressions that will confuse everyone (Part 2)	https://teacherluke.co.uk/2019/11/13/625-88-english-expressions-that-will-confuse-everyone-part-2/
624. 88 English expressions that will confuse everyone (Part 1)	https://teacherluke.co.uk/2019/11/07/624-88-english-expressions-that-will-confuse-everyone-part-1/
623. 13 Terrible Jokes, Explained	https://teacherluke.co.uk/2019/10/29/623-13-terrible-jokes-explained/
622. General Ramble (Oct 2019) Learning English / Politics / Recording Setup / Book Recommendation / Beatles / Star Wars / Bill Bailey	https://teacherluke.co.uk/2019/10/22/422-general-ramble-oct-2019-learning-english-politics-recording-setup-book-recommendation-beatles-star-wars-bill-bailey/
621. British TV: Dragons’ Den (Part 3) Discord in the Den	https://teacherluke.co.uk/2019/10/14/621-british-tv-dragons-den-part-3-discord-in-the-den/
620. British TV: Dragons’ Den (Part 2) Negotiation	https://teacherluke.co.uk/2019/10/11/620-british-tv-dragons-den-part-2-negotiation/
619. British TV: Dragons’ Den (Part 1) Vocabulary	https://teacherluke.co.uk/2019/10/09/619-british-tv-dragons-den-part-1-vocabulary/
618. The Climate Crisis Explained in 10 Charts (with Cara Leopold)	https://teacherluke.co.uk/2019/09/30/618-the-climate-crisis-explained-in-10-charts-with-cara-leopold/
617. Sales and Advertising (with Paul Taylor)	https://teacherluke.co.uk/2019/09/26/617-sales-and-advertising-with-paul-taylor/
616. Can you find the 15 idioms? (with Paul Taylor)	https://teacherluke.co.uk/2019/09/23/616-can-you-find-the-15-idioms-with-paul-taylor/
615. Paul Taylor Became a Dad, and you won’t believe what happened next	https://teacherluke.co.uk/2019/09/17/615-paul-taylor-became-a-dad-and-you-wont-believe-what-happened-next/
614. Another Murder Mystery Detective Story (Part 3)	https://teacherluke.co.uk/2019/09/13/614-another-murder-mystery-detective-story-part-3/
613. Another Murder Mystery Detective Story (Part 2)	https://teacherluke.co.uk/2019/09/09/613-another-murder-mystery-detective-story-part-2/
612. Another Murder Mystery Detective Story (Part 1)	https://teacherluke.co.uk/2019/09/06/612-another-murder-mystery-detective-story-part-1/
611. Top 10 Jokes from Edinburgh Fringe 2019	https://teacherluke.co.uk/2019/09/03/611-top-10-jokes-from-edinburgh-fringe-2019/
610. British Comedy: James Acaster	https://teacherluke.co.uk/2019/08/30/610-british-comedy-james-acaster/
609. The LEP MeetUp in London / Brexit / Talking to my Daughter	https://teacherluke.co.uk/2019/08/28/609-the-lep-meetup-in-london-brexit-talking-to-my-daughter/
608. The Mass Observation (with Mum)	https://teacherluke.co.uk/2019/08/21/608-the-mass-observation-with-mum/
607. The Rick Thompson Report: Boris Johnson PM / No Deal Brexit?	https://teacherluke.co.uk/2019/08/09/607-the-rick-thompson-report-boris-johnson-pm-no-deal-brexit/
606. The English Seaside (with James)	https://teacherluke.co.uk/2019/07/25/606-the-english-seaside-with-james/
605. Unexpected Road Trip (with James)	https://teacherluke.co.uk/2019/07/18/605-unexpected-road-trip-with-james/
604. London Native Speaker Interviews REVISITED Part 2	https://teacherluke.co.uk/2019/07/05/604-london-native-speaker-interviews-revisited-part-2/
603. Queen / Freddie Mercury / Bohemian Rhapsody	https://teacherluke.co.uk/2019/07/01/603-queen-freddie-mercury-bohemian-rhapsody/
602. British Comedy: The Day Today (Part 2)	https://teacherluke.co.uk/2019/06/27/602-british-comedy-the-day-today-part-2/
601. British Comedy: The Day Today (Part 1)	https://teacherluke.co.uk/2019/06/24/601-british-comedy-the-day-today-part-1/
600. Episode 600 YouTube Livestream – Ask Me Anything	https://teacherluke.co.uk/2019/06/08/600-episode-600-youtube-livestream-ask-me-anything/
599. Oliver Gee Returns with Stories to Tell	https://teacherluke.co.uk/2019/06/03/599-oliver-gee-returns-with-stories-to-tell/
598. The Rick Thompson Report: EU Elections / Theresa May / Brexit / Football	https://teacherluke.co.uk/2019/05/28/598-the-rick-thompson-report-eu-elections-theresa-may-brexit-football/
597. Growing Up / Getting Older / Becoming a Father (with Paul Taylor)	https://teacherluke.co.uk/2019/05/23/597-growing-up-getting-older-becoming-a-father-with-paul-taylor/
596. SLEEP with Amber & Paul	https://teacherluke.co.uk/2019/05/20/596-sleep-with-amber-paul/
595. Andy Johnson Returns (Part 2) Eating / TV Series / Football / Music	https://teacherluke.co.uk/2019/05/15/595-andy-johnson-returns-part-2-eating-tv-series-football-music/
594. Andy Johnson Returns (Part 1) Moving House / London vs Canterbury / English Teaching	https://teacherluke.co.uk/2019/05/13/594-andy-johnson-returns-part-1-moving-house-london-vs-canterbury-english-teaching/
593. Going through pages in an old diary	https://teacherluke.co.uk/2019/05/10/593-going-through-pages-in-an-old-diary/
592. It always seems impossible until it’s done	https://teacherluke.co.uk/2019/05/07/592-it-always-seems-impossible-until-its-done/
591. London Native Speaker Interviews REVISITED (Part 1)	https://teacherluke.co.uk/2019/04/29/591-london-native-speaker-interviews-revisited-part-1/
590. [2/2] Film Club: Avengers Endgame / Marvel Cinematic Universe (with Fred Eyangoh)	https://teacherluke.co.uk/2019/04/24/590-film-club-avengers-endgame-marvel-cinematic-universe-with-fred-eyangoh/
589. Film Club: Avengers Endgame / Marvel Cinematic Universe (with Fred Eyangoh)	https://teacherluke.co.uk/2019/04/23/589-film-club-avengers-endgame-marvel-cinematic-universe-with-fred-eyangoh/
588. Punctuation Rules / Book Review (Part 2) Apostrophe, Full Stop, Comma	https://teacherluke.co.uk/2019/04/19/588-punctuation-rules-book-review-part-2-apostrophe-full-stop-comma/
587. Punctuation Rules / Book Review (Part 1)	https://teacherluke.co.uk/2019/04/18/587-punctuation-rules-book-review-part-1/
586. The Importance of Listening	https://teacherluke.co.uk/2019/04/06/586-the-importance-of-listening/
585. Alternative British Citizenship Tests with Paul Taylor	https://teacherluke.co.uk/2019/03/29/585-alternative-british-citizenship-tests-with-paul-taylor/
584. Posh or not posh? (Part 3) with Amber & Paul	https://teacherluke.co.uk/2019/03/25/584-posh-or-not-posh-part-3-with-amber-paul/
583. British Comedy: The Dirty Fork / Restaurant Sketch (Monty Python)	https://teacherluke.co.uk/2019/03/20/583-british-comedy-the-dirty-fork-restaurant-sketch-monty-python/
582. Posh or not posh? (Part 2) Guess the Posh British Celebrities	https://teacherluke.co.uk/2019/03/15/582-posh-or-not-posh-part-2-guess-the-posh-british-celebrities/
581. Posh or not posh? (Part 1) Understanding Posh People and Posh Accents	https://teacherluke.co.uk/2019/03/13/581-posh-or-not-posh-part-1-understanding-posh-people-and-posh-accents/
580. Ramble / Listener Comments / Robots / Vampires / Two Taps in the Bathroom	https://teacherluke.co.uk/2019/03/08/580-ramble-listener-comments-robots-vampires-two-taps-in-the-bathroom/
579. [2/2] IELTS Q&A with Ben Worthington from IELTS Podcast	https://teacherluke.co.uk/2019/03/01/579-2-2-ielts-qa-with-ben-worthington-from-ielts-podcast/
578. [1/2] IELTS Q&A with Ben Worthington from IELTS Podcast	https://teacherluke.co.uk/2019/02/28/578-1-2-ielts-qa-with-ben-worthington-from-ielts-podcast/
577. UK vs US Slang Game (with Jennifer from English Across the Pond)	https://teacherluke.co.uk/2019/02/14/577-uk-vs-us-slang-game-with-jennifer-from-english-across-the-pond/
576. Talking about Comedy, Books, Films & Music with James	https://teacherluke.co.uk/2019/02/02/576-talking-about-comedy-books-films-music-with-james/
575. British Comedy: Paul Chowdhry	https://teacherluke.co.uk/2019/01/30/575-british-comedy-paul-chowdhry/
574. [2/2] The Rick Thompson Report: Brexit Q&A (January 2019)	https://teacherluke.co.uk/2019/01/25/574-2-2-the-rick-thompson-report-brexit-qa-january-2019/
573. [1/2] The Rick Thompson Report: Brexit Update (January 2019)	https://teacherluke.co.uk/2019/01/25/573-1-2-the-rick-thompson-report-brexit-update-january-2019/
572. Worst Stand-up Gig Experiences (with Amber & Paul)	https://teacherluke.co.uk/2019/01/20/572-worst-stand-up-gig-experiences-with-amber-paul/
571. Bill Burr’s Hilarious Plane Story – Enjoy Comedy/Storytelling in English	https://teacherluke.co.uk/2019/01/16/571-bill-burrs-hilarious-plane-story-enjoy-comedy-storytelling-in-english/
570. Learning & Teaching English with Zdenek Lukas (Part 2)	https://teacherluke.co.uk/2019/01/11/570-learning-teaching-english-with-zdenek-lukas-part-2/
569. Learning & Teaching English with Zdenek Lukas (Part 1)	https://teacherluke.co.uk/2019/01/11/569-learning-teaching-english-with-zdenek-lukas-part-1/
568. What is Luke’s English Podcast, and how can it help you with your English?	https://teacherluke.co.uk/2019/01/07/568-what-is-lukes-english-podcast-and-how-can-it-help-you-with-your-english/
567. Alternative Christmas Stories & Poems / Beatles / Happy New Year from LEP!	https://teacherluke.co.uk/2018/12/21/567-alternative-christmas-stories-poems-beatles-happy-new-year-from-lep/
566. The Collins Words of the Year (Part 6) 2018 with Amber Minogue	https://teacherluke.co.uk/2018/12/19/566-the-collins-words-of-the-year-part-6-2018-with-amber-minogue/
565. The Collins Words of the Year (Part 5) 2018 with Amber Minogue	https://teacherluke.co.uk/2018/12/17/565-the-collins-words-of-the-year-part-5-2018-with-amber-minogue/
564. The Collins Words of the Year (Part 4)	https://teacherluke.co.uk/2018/12/13/564-the-collins-words-of-the-year-part-4/
563. The Collins Words of the Year (Part 3)	https://teacherluke.co.uk/2018/12/11/563-the-collins-words-of-the-year-part-3/
562. The Collins Words of the Year (Part 2)	https://teacherluke.co.uk/2018/12/10/562-the-collins-words-of-the-year-part-2/
561. The Collins Words of the Year (Part 1)	https://teacherluke.co.uk/2018/12/07/561-the-collins-words-of-the-year-part-1/
560. Sarah Donnelly Returns – Writing jokes, public speaking, doing comedy in another language	https://teacherluke.co.uk/2018/12/03/560-sarah-donnelly-returns-writing-jokes-public-speaking-doing-comedy-in-another-language/
559. The Rick Thompson Report: Brexit Chaos (November 2018)	https://teacherluke.co.uk/2018/11/20/559-the-rick-thompson-report-brexit-chaos-november-2018/
558. Rambling in the new Sky-Pod	https://teacherluke.co.uk/2018/11/15/558-rambling-in-the-new-sky-pod/
557. I’m a Rambling Guy (Monologue – Autumn 2018)	https://teacherluke.co.uk/2018/10/29/557-im-a-rambling-guy-monologue-autumn-2018/
556. With Jessica Beck from Honestly English	https://teacherluke.co.uk/2018/10/24/556-with-jessica-beck-from-honestly-english/
555. Raphael Miller’s Summer School Report	https://teacherluke.co.uk/2018/10/22/555-raphael-millers-summer-school-report/
554. ODD NEWS STORIES (with Mum & Dad)	https://teacherluke.co.uk/2018/10/18/554-odd-news-stories-with-mum-dad/
553. Fighting Wildland Fires with Benny the Russian Firefighter	https://teacherluke.co.uk/2018/10/15/553-fighting-wildland-fires-with-benny-the-russian-firefighter/
552. Discussing Comedy & Culture (with Amber & Paul)	https://teacherluke.co.uk/2018/10/05/552-discussing-comedy-culture-with-amber-paul/
551. Catching Up with Amber & Paul #8 – Stereotypes	https://teacherluke.co.uk/2018/10/01/551-catching-up-with-amber-paul-8-stereotypes/
550. British Comedy: Alan Partridge (Part 3)	https://teacherluke.co.uk/2018/09/28/550-british-comedy-alan-partridge-part-3/
549. British Comedy: Alan Partridge (Part 2)	https://teacherluke.co.uk/2018/09/26/549-british-comedy-alan-partridge-part-2/
548. British Comedy: Alan Partridge (Part 1)	https://teacherluke.co.uk/2018/09/25/548-british-comedy-alan-partridge-part-1/
547. Best Jokes from the Edinburgh Festival Fringe	https://teacherluke.co.uk/2018/09/19/547-best-jokes-from-the-edinburgh-festival-fringe/
546. Death by Meteor	https://teacherluke.co.uk/2018/09/11/546-death-by-meteor/
545. The Hitchhiker by Roald Dahl (Short Story)	https://teacherluke.co.uk/2018/09/07/545-the-hitchhiker-by-roald-dahl-short-story/
544. The Rick Thompson Report: No Deal Brexit	https://teacherluke.co.uk/2018/08/27/544-the-rick-thompson-report-no-deal-brexit/
543. Britain’s First Insect Restaurant Opens	https://teacherluke.co.uk/2018/08/23/543-britains-first-insect-restaurant-opens/
542. Talking Rubbish & Just Having Fun with The Thompsons	https://teacherluke.co.uk/2018/08/21/542-talking-rubbish-just-having-fun-with-the-thompsons/
541. What British People Say vs What They Mean	https://teacherluke.co.uk/2018/07/31/541-what-british-people-say-vs-what-they-mean/
540. What’s Up? Post World Cup / News / LEP Meetup London / Super Mario Earworms	https://teacherluke.co.uk/2018/07/21/540-whats-up-post-world-cup-news-lep-meetup-london-super-mario-earworms/
539. World Cup 2018 [3] Is It Coming Home?	https://teacherluke.co.uk/2018/07/09/539-world-cup-2018-3-is-it-coming-home/
538. World Cup 2018 [2] The Second Round / Listener Comments	https://teacherluke.co.uk/2018/07/05/538-world-cup-2018-2-the-second-round-listener-comments/
537. How Olly Richards Learns a Language (Part 2) Intermediate Plateau / The Magic of Story / Pronunciation & Personality / Classroom vs Self-Guided Learning	https://teacherluke.co.uk/2018/07/02/537-how-olly-richards-learns-a-language-part-2-intermediate-plateau-the-magic-of-story-pronunciation-personality-classroom-vs-self-guided-learning/
536. How Olly Richards Learns a Language (Part 1) Compelling Material / Input-based Learning	https://teacherluke.co.uk/2018/06/29/536-how-olly-richards-learns-a-language-part-1-compelling-material-input-based-learning/
535. World Cup 2018 [1]	https://teacherluke.co.uk/2018/06/26/535-world-cup-2018-1/
534. Sugar Sammy Interview (Part 2) Language & Comedy	https://teacherluke.co.uk/2018/06/15/534-sugar-sammy-interview-part-2-language-comedy/
533. Sugar Sammy Interview (Part 1) Multilingual Comedian	https://teacherluke.co.uk/2018/06/13/533-sugar-sammy-interview-part-1-multilingual-comedian/
532. A History of The World Cup	https://teacherluke.co.uk/2018/06/08/532-a-history-of-the-world-cup/
531. Crime Vocabulary Quiz (with Moz)	https://teacherluke.co.uk/2018/06/06/531-crime-vocabulary-quiz-with-moz/
530. More Murder Stories (with Moz)	https://teacherluke.co.uk/2018/06/03/530-more-murder-stories-with-moz/
529. The “M” Word (with Andy Johnson)	https://teacherluke.co.uk/2018/05/29/529-the-m-word-with-andy-johnson/
528. The Royal Wedding (with Mum)	https://teacherluke.co.uk/2018/05/23/528-the-royal-wedding-with-mum/
527. Can Paul Taylor Pass The UK Citizenship Test?	https://teacherluke.co.uk/2018/05/18/527-can-paul-taylor-pass-the-uk-citizenship-test/
526. Being a Tourist (with Paul Taylor) + Video	https://teacherluke.co.uk/2018/05/15/526-being-a-tourist-with-paul-taylor/
525. Ninja August / Podcast Corrections / Useful Japanese Cat (Listener Comments & Questions)	https://teacherluke.co.uk/2018/05/08/525-ninja-august-podcast-corrections-useful-japanese-cat-listener-comments-questions/
524. Tricky Pronunciation Debates / “Either” “Neither” / Song + Comedy Sketch	https://teacherluke.co.uk/2018/05/04/524-tricky-pronunciation-debates-either-neither-grammar-nazi-sketch/
523. Tips for Learning English with Films & TV Shows (with Cara Leopold)	https://teacherluke.co.uk/2018/04/24/523-tips-for-learning-english-with-films-tv-shows-with-cara-leopold/
522. Learning English at Summer School in the UK (A Rambling Chat with Raphael Miller)	https://teacherluke.co.uk/2018/04/18/522-learning-english-at-summer-school-in-the-uk-a-rambling-chat-with-raphael-miller/
521. Talking about Pets (with James)	https://teacherluke.co.uk/2018/04/13/520-talking-about-pets-with-james/
520. Idioms Game & Chat Part 2 (with Andy Johnson) + 18 More Idioms & Vocab Items Explained	https://teacherluke.co.uk/2018/04/03/520-idioms-game-chat-part-2-with-andy-johnson-18-more-idioms-vocab-items-explained/
519. Idioms Game & Chat (with Andy Johnson) + 25 Idioms Explained	https://teacherluke.co.uk/2018/03/29/519-idioms-game-chat-with-andy-johnson-25-idioms-explained/
518. Grammar Questions (Part 1) Present Perfect Continuous / Future Continuous / Language of Newspaper Headlines	https://teacherluke.co.uk/2018/03/21/518-grammar-questions-part-1-present-perfect-continuous-future-continuous-language-of-newspaper-headlines/
517. Professor Stephen Hawking (An Obituary)	https://teacherluke.co.uk/2018/03/14/517-professor-stephen-hawking/
516. Paul McCartney’s Spider Story	https://teacherluke.co.uk/2018/03/10/516-paul-mccartneys-spider-story/
515. Becoming “Maman” with Amber & Sarah – Bringing Up Children The French Way	https://teacherluke.co.uk/2018/03/06/515-becoming-maman-with-amber-sarah-bringing-up-children-the-french-way/
514. What’s on the table? (with Fred & Alex)	https://teacherluke.co.uk/2018/03/01/514-whats-on-the-table-with-fred-alex/
513. General Ramble / News / Comments	https://teacherluke.co.uk/2018/02/23/513-general-ramble-news-comments/
512. My Experiences of (not) Learning French [Part 2] Learning Language in a Classroom vs Learning On Your Own	https://teacherluke.co.uk/2018/02/16/512-my-experiences-of-not-learning-french-part-2-learning-language-in-a-classroom-vs-learning-on-your-own/
511. My Experiences of (not) Learning French [Part 1]	https://teacherluke.co.uk/2018/02/13/511-my-experiences-of-not-learning-french-part-1/
510. Philosophy Quiz (with Amber & Paul)	https://teacherluke.co.uk/2018/02/05/510-philosophy-quiz-with-amber-paul/
509. What’s it all about? (Philosophy and Language Learning)	https://teacherluke.co.uk/2018/02/01/509-whats-it-all-about-philosophy-and-language-learning/
508. Six True Crime Stories from Victorian England, Told by My Dad	https://teacherluke.co.uk/2018/01/27/508-six-true-crime-stories-from-victorian-england-told-by-my-dad/
507. Learning English with UK Comedy TV Shows	https://teacherluke.co.uk/2018/01/21/british-comedy-tv-shows-to-learn-english-some-british-comedy-tv-show-recommendations/
506. One of Britain’s Favourite Poems	https://teacherluke.co.uk/2018/01/15/506-one-of-britains-favourite-poems/
505. A Chat with Dad & James about Star Wars: The Last Jedi (with Vocabulary)	https://teacherluke.co.uk/2018/01/12/505-a-chat-with-dad-james-about-star-wars-the-last-jedi-with-vocabulary/
504. My Review of Star Wars: The Last Jedi (Part 2)	https://teacherluke.co.uk/2018/01/11/504-my-review-of-star-wars-the-last-jedi-part-2/
503. My Review of Star Wars: The Last Jedi (Part 1)	https://teacherluke.co.uk/2018/01/10/503-my-review-of-star-wars-the-last-jedi-part-1/
502. The Birth of My Daughter	https://teacherluke.co.uk/2018/01/03/502-the-birth-of-my-daughter/
501. Merry Christmas! / Listener Correspondence	https://teacherluke.co.uk/2017/12/24/501-merry-christmas-listener-correspondence/
500. EPISODE 500 CELEBRATION! (PARTS 1 & 2)	https://teacherluke.co.uk/2017/12/17/500-12-episode-500-celebration-part-1/
499. Prince Harry & Meghan Markle / Royal Family Quiz (with Amber)	https://teacherluke.co.uk/2017/12/11/499-prince-harry-meghan-markle-royal-family-quiz-with-amber/
498. The Rick Thompson Report: Brexit Negotiations	https://teacherluke.co.uk/2017/12/08/498-the-rick-thompson-report-brexit-negotiations/
497. Film Club: Withnail & I (with James and Will)	https://teacherluke.co.uk/2017/12/04/497-film-club-withnail-i-with-james-and-will/
496. RAMBLECAST	https://teacherluke.co.uk/2017/11/29/496-ramblecast/
495. Australian Stereotypes and Cliches (with Oliver Gee) ~didgeridoo sounds~	https://teacherluke.co.uk/2017/11/26/495-australian-stereotypes-and-cliches-with-oliver-gee-didgeridoo-sounds/
494. Who Wants to be Good at English? (The Rematch) with Rick Thompson	https://teacherluke.co.uk/2017/11/21/494-who-wants-to-be-good-at-english-the-rematch-with-rick-thompson/
493. Catching Up with Amber & Paul #7 (Human Pollution)	https://teacherluke.co.uk/2017/11/17/493-catching-up-with-amber-paul-7-human-pollution/
492. Becoming a Dad (with Andy & Ben) Part 2	https://teacherluke.co.uk/2017/11/12/492-becoming-a-dad-with-andy-ben-part-2/
491. Becoming a Dad (with Andy & Ben) Part 1	https://teacherluke.co.uk/2017/11/08/491-becoming-a-dad-with-andy-ben-part-1/
490. Discussing Friendship – with Martin and Dan The Man from Rock n’ Roll English (Friendship Phrasal Verbs)	https://teacherluke.co.uk/2017/11/03/490-discussing-friendship-with-martin-and-dan-the-man-from-rock-n-roll-english-friendship-phrasal-verbs/
489. A Rambling Conversation with Mum (Part 2) + Vocabulary	https://teacherluke.co.uk/2017/10/30/489-a-rambling-conversation-with-mum-part-2-vocabulary/
488. A Rambling Conversation with Mum (Part 1) + Vocabulary	https://teacherluke.co.uk/2017/10/26/488-a-rambling-conversation-with-mum-part-1-vocabulary/
487. Learning Languages and Adapting to New Cultures (with Ethan from RealLife English)	https://teacherluke.co.uk/2017/10/22/487-learning-languages-and-adapting-to-new-cultures-with-ethan-from-reallife-english/
485. & 486. Difficult Words to Pronounce in English (with Paul Taylor) (Parts 1 & 2) + video	https://teacherluke.co.uk/2017/10/13/difficult-words-to-pronounce-in-english-with-paul-taylor/
484. Try not to Laugh on the Bus (with Paul Taylor)	https://teacherluke.co.uk/2017/10/08/484-try-not-to-laugh-on-the-bus-with-paul-taylor/
483. A Rambling Chat with Moz	https://teacherluke.co.uk/2017/10/01/483-a-rambling-chat-with-moz/
482. The Murder Mile True Crime Podcast (with Moz) More Creepy Stories of Murders in London	https://teacherluke.co.uk/2017/09/26/482-the-murder-mile-true-crime-podcast-with-moz-more-creepy-stories-of-murders-in-london/
481. Holiday Diary (Final Part) “Endeavour to Persevere”	https://teacherluke.co.uk/2017/09/20/481-holiday-diary-final-part-endeavour-to-persevere/
480. Holiday Diary (Part 7) BIG ROCKS!	https://teacherluke.co.uk/2017/09/18/480-holiday-diary-part-7-big-rocks/
479. Holiday Diary (Part 6) The Madness of Las Vegas / 11 Gambling Idioms	https://teacherluke.co.uk/2017/09/15/479-holiday-diary-part-6-the-madness-of-las-vegas-11-gambling-idioms/
478. Holiday Diary (Part 5) An Encounter with The Church of Scientology	https://teacherluke.co.uk/2017/09/12/478-holiday-diary-part-5-an-encounter-with-the-church-of-scientology/
477. Holiday Diary (Part 4) The Fresh Prince of Bel Air	https://teacherluke.co.uk/2017/09/09/477-holiday-diary-part-4-the-fresh-prince-of-bel-air/
476. Holiday Diary (Part 3) Astronomy, Astrology & Flat Earth Conspiracy Theory	https://teacherluke.co.uk/2017/09/03/476-holiday-diary-part-3-astronomy-astrology-flat-earth-conspiracy-theory/
475. Holiday Diary (Part 2) Modern Art: Is it amazing, or is it rubbish?	https://teacherluke.co.uk/2017/09/03/475-holiday-diary-part-2-modern-art-is-it-amazing-or-is-it-rubbish/
474. Holiday Diary (Part 1) New Arrival, New Destinations	https://teacherluke.co.uk/2017/08/31/474-holiday-diary-part-1/
473. Explaining the Rules of Cricket (with Dad)	https://teacherluke.co.uk/2017/08/22/473-explaining-the-rules-of-cricket-with-dad/
472. Andy’s Survival Story / Why Andy Runs Marathons (with Andy Johnson)	https://teacherluke.co.uk/2017/08/10/472-andy-johnson-at-the-london-school-of-english-part-2-why-andy-runs-marathons/
471. Stepping on Lego, Self-directed Learning, Accents (with Andy Johnson)	https://teacherluke.co.uk/2017/08/06/471-andy-johnson-at-the-london-school-of-english-part-1-lego-self-directed-learning-accents/
470. Understanding the Liverpool Accent	https://teacherluke.co.uk/2017/07/31/470-understanding-the-liverpool-accent/
469. British Comedy: John Bishop	https://teacherluke.co.uk/2017/07/27/469-british-comedy-john-bishop/
468. Punk – Music & Culture (with James)	https://teacherluke.co.uk/2017/07/24/468-punk-music-culture-with-james/
467. A Boiling-Hot Evening Ramble – Comments & Questions	https://teacherluke.co.uk/2017/07/20/467-a-boiling-hot-evening-ramble-comments-questions/
466. Get this word into your life	https://teacherluke.co.uk/2017/07/15/466-get-this-word-into-your-life/
465. How I make episodes of the podcast (Part 2)	https://teacherluke.co.uk/2017/07/10/465-how-i-make-episodes-of-the-podcast-part-2/
464. How I make episodes of the podcast (Part 1)	https://teacherluke.co.uk/2017/07/06/464-how-i-make-episodes-of-the-podcast-part-1/
463. News, Comments & Questions	https://teacherluke.co.uk/2017/07/03/463-news-comments-questions/
462. British Comedy: Bill Bailey	https://teacherluke.co.uk/2017/06/28/462-british-comedy-bill-bailey/
461. 25 Deceptively Difficult Questions (with Amber, Paul & Sarah)	https://teacherluke.co.uk/2017/06/24/461-25-deceptively-difficult-questions-with-amber-paul-sarah/
460. Catching Up With Amber & Paul #6 (feat. Sarah Donnelly)	http://wp.me/p4IuUx-7PL
459. Lazing on a Sunny Afternoon	https://teacherluke.co.uk/2017/06/17/459-lazing-on-a-sunny-afternoon/
458. The Rick Thompson Report: Post-Election 2017	https://teacherluke.co.uk/2017/06/14/458-the-rick-thompson-report-post-election-2017/
457. Conclusions about Language Learning from the David Crystal Interview (Part 2)	https://teacherluke.co.uk/2017/06/09/457-conclusions-about-language-learning-from-the-david-crystal-interview-part-2/
456. Conclusions about Language Learning from the David Crystal Interview (Part 1)	https://teacherluke.co.uk/2017/06/09/456-conclusions-about-language-learning-from-the-david-crystal-interview-part-1/
455. David Crystal Interview (Part 2) Questions from Listeners	https://teacherluke.co.uk/2017/06/06/455-david-crystal-interview-part-2-questions-from-listeners/
454. David Crystal Interview (Part 1) Professor of Linguistics	https://teacherluke.co.uk/2017/05/31/454-david-crystal-interview-part-1-professor-of-linguistics/
453. The 36 Questions that Lead to Love (with Amber & Paul)	https://teacherluke.co.uk/2017/05/27/453-the-36-questions-that-lead-to-love-with-amber-paul/
452. A Conversation About Language (with Amber & Paul)	https://teacherluke.co.uk/2017/05/24/452-a-conversation-about-language-with-amber-paul/
451. Film Club: Alien Covenant	https://teacherluke.co.uk/2017/05/22/451-film-club-alien-covenant/
450. Comments & Questions	https://teacherluke.co.uk/2017/05/16/450-comments-questions/
449. Film Club: Touching the Void (Part 2) Learning a Language is Like Climbing a Mountain	https://teacherluke.co.uk/2017/05/13/449-film-club-touching-the-void-part-2/
448. Film Club: Touching The Void (Part 1) Learning a Language is Like Climbing a Mountain	https://teacherluke.co.uk/2017/05/12/448-film-club-touching-the-void-part-1/
447. What is this, British Humour? (with Amber Minogue)	https://teacherluke.co.uk/2017/05/08/447-what-is-this-british-humour/
446. British TV: Top Gear	https://teacherluke.co.uk/2017/05/05/446-british-tv-top-gear/
445. British Podcast Award / Hello to New Listeners / 17 Vocabulary Expressions	https://teacherluke.co.uk/2017/05/01/445-british-podcast-award-hello-to-new-listeners-17-vocabulary-expressions/
444. The Rick Thompson Report: Snap General Election 2017	http://wp.me/p4IuUx-7C6
443. The Trip to Japan (Part 2)	http://wp.me/p4IuUx-7C4
442. The Trip to Japan (Part 1)	http://wp.me/p4IuUx-7BQ
441. Andy Johnson at the IATEFL Conference	http://wp.me/p4IuUx-7BO
440. This Pile of Books on my Desk	https://teacherluke.co.uk/2017/04/06/440-this-pile-of-books-on-my-desk/
439. Reading Books to Learn English	https://teacherluke.co.uk/2017/04/06/439-reading-books-to-learn-english/
438. Hi Luke, I have a question!	https://teacherluke.co.uk/2017/04/04/438-hi-luke-i-have-a-question/
437. Ramble News – 31 March 2017	https://teacherluke.co.uk/2017/03/31/437-ramble-news-31-march-2017/
436. The Return of The Lying Game (with Amber & Paul) [Video]	http://wp.me/p4IuUx-7Av
435. Catching Up With Amber & Paul #5 [Video]	https://teacherluke.co.uk/2017/03/24/435-catching-up-with-amber-paul-5-video/
434. Interview with Paul Taylor – “WTF France?” [Video]	https://teacherluke.co.uk/2017/03/21/434-interview-with-paul-taylor-wtf-france-video/
433. British TV: Gordon Ramsay’s Kitchen Nightmares (Part 2) [Video]	https://teacherluke.co.uk/2017/03/16/433-british-tv-gordon-ramsays-kitchen-nightmares-part-2-video/
432. British TV: Gordon Ramsay’s Kitchen Nightmares (Part 1) [Video]	https://teacherluke.co.uk/2017/03/14/432-british-tv-gordon-ramsays-kitchen-nightmares-part-1-video/
431. Restaurants & Hotels / Really Strange TripAdvisor Reviews (with Amber)	https://teacherluke.co.uk/2017/03/09/431-restaurants-hotels-really-strange-tripadvisor-reviews-with-amber/
430. Discussing Language Learning & Life with Fred Eyangoh	https://teacherluke.co.uk/2017/03/05/430-discussing-language-learning-life-with-fred-eyangoh/
429. RAMBLENEWS!	https://teacherluke.co.uk/2017/03/01/429-ramblenews/
428. British Comedy: Limmy’s Show (Part 2)	https://teacherluke.co.uk/2017/02/23/428-british-comedy-limmys-show-part-2/
427. British Comedy: Limmy’s Show	https://teacherluke.co.uk/2017/02/22/427-british-comedy-limmys-show/
426. Thompson, Taylor & Minogue: Victorian Detectives (Part 2) with Amber & Paul	https://teacherluke.co.uk/2017/02/16/426-thompson-taylor-minogue-victorian-detectives-part-2-with-amber-paul/
425. Thompson, Taylor & Minogue: Victorian Detectives (Part 1) with Amber & Paul	https://teacherluke.co.uk/2017/02/13/425/
424. With Andy & Ben from The London School of English (Part 2)	https://teacherluke.co.uk/2017/02/08/424-with-andy-ben-from-the-london-school-of-english-part-2/
423. With Andy & Ben from The London School of English (Part 1)	https://teacherluke.co.uk/2017/02/06/423-teacher-talking-time-with-andy-ben-from-the-london-school-of-english-part-1/
422. Learning British Dialects with Korean Billy	https://teacherluke.co.uk/2017/02/02/422-learning-british-dialects-with-korean-billy/
421. Skateboarding – A New Olympic Sport (with James)	https://teacherluke.co.uk/2017/01/29/421-skateboarding-a-new-olympic-sport-with-james/
420. Anyone fancy a brew? Let’s have a nice cup of tea!	https://teacherluke.co.uk/2017/01/26/420-anyone-fancy-a-brew-lets-have-a-nice-cup-of-tea/
419. Rogue One: A Star Wars Story – SPOILER RAMBLE with James	https://teacherluke.co.uk/2017/01/23/419-rogue-one-a-star-wars-story-spoiler-ramble-with-james/
418. The Rick Thompson Report: Technology and The Future (January 2017)	https://teacherluke.co.uk/2017/01/19/418-the-rick-thompson-report-technology-and-the-future-january-2017/
417. New Year’s Resolutions and Language Learning in 2017	https://teacherluke.co.uk/2017/01/15/417-new-years-resolutions-and-language-learning-in-2017/
416. What was the most popular episode of LEP in 2016? + more podcast statistics	https://teacherluke.co.uk/2017/01/13/416-what-was-the-most-popular-episode-of-lep-in-2016-more-podcast-statistics/
415. With the Family (Part 3) More Encounters with Famous People	http://wp.me/p4IuUx-7sg
414. With the Family (Part 2) My Uncle Met a Rock Star	https://teacherluke.co.uk/2017/01/05/414-with-the-family-part-2-my-uncle-met-a-rock-star/
413. With The Family (Part 1) Mum’s Cooking + Vocabulary (with Uncle Nic)	https://teacherluke.co.uk/2017/01/03/413-with-the-family-part-1-mums-cooking-vocabulary-with-uncle-nic/
412. British Festivals and Holidays (Part 2)	https://teacherluke.co.uk/2016/12/26/412-british-festivals-and-holidays-part-2/
411. British Festivals and Holidays (Part 1)	https://teacherluke.co.uk/2016/12/26/411-british-festivals-and-holidays-part-1/
410. Teaching 12 Idioms in the Street / On the Set of Paul’s TV Show (with Amber)	https://teacherluke.co.uk/2016/12/20/410-teaching-12-idioms-in-the-street-on-the-set-of-pauls-tv-show-with-amber/
409. A CHRISTMAS MEGA-RAMBLE with AMBER MINOGUE	https://teacherluke.co.uk/2016/12/16/409-a-christmas-mega-ramble-with-amber-minogue/
408. Catching Up With Amber & Paul #4 (+ videos)	https://teacherluke.co.uk/2016/12/13/408-catching-up-with-amber-paul-4-videos/
407. Reflections on Language Learning & Working as a Translator: Interview with Kristina from Russia, Winner of the LEP Anecdote Competition 2016	https://teacherluke.co.uk/2016/12/07/407-reflections-on-language-learning-working-as-a-translator-interview-with-kristina-from-russia-winner-of-the-lep-anecdote-competition-2016/
406. Grammar (Past Continuous Tense) / UK Media Bias / Brazil Football Tragedy	https://teacherluke.co.uk/2016/12/04/406-grammar-past-continuous-tense-uk-media-bias-brazil-football-tragedy/
405. British Accents in The Lord of the Rings (Part 2)	https://teacherluke.co.uk/2016/11/30/405-british-accents-in-the-lord-of-the-rings-part-2/
404. British Accents in The Lord of the Rings (Part 1)	https://teacherluke.co.uk/2016/11/30/404-british-accents-in-the-lord-of-the-rings-part-1/
403. Competition Results / War Story / Grammar & Punctuation / My Dad’s Accent	https://teacherluke.co.uk/2016/11/29/403-competition-results-war-story-grammar-my-dads-accent/
402. The Rick Thompson Report: What’s Going On? Nov. 2016 (Post-Truth Politics, Cricket and Tetris)	https://teacherluke.co.uk/2016/11/23/402-the-rick-thompson-report-whats-going-on-nov-2016-post-truth-politics-cricket-and-tetris/
401. ‘Switch off your editor’ to improve your fluency in English	https://teacherluke.co.uk/2016/11/21/401-switch-off-your-editor-to-improve-your-fluency-in-english/
400. The Pink Gorilla Story 2	https://teacherluke.co.uk/2016/11/18/400-the-pink-gorilla-story-2/
399. The Return of Molly Martinez (with Dane Nightingale)	https://teacherluke.co.uk/2016/11/15/399-the-return-of-molly-martinez-with-dane-nightingale/
398. US Election Result Ramble + Message + Song	https://teacherluke.co.uk/2016/11/09/398-us-election-result-ramble-message-song/
397. An 80-Minute Ramble	https://teacherluke.co.uk/2016/11/07/397-an-80-minute-ramble/
396. The LEP Anecdote Competition – ROUND 2	https://teacherluke.co.uk/2016/10/28/396-the-lep-anecdote-competition-round-2/
395. “Have you ever…?” with Paul Taylor and Robert Hoehn	https://teacherluke.co.uk/2016/10/27/395-have-you-ever-with-paul-taylor-and-robert-hoehn/
394. OPP: Other People’s Podcasts (Part 4)	https://teacherluke.co.uk/2016/10/23/394-opp-other-peoples-podcasts-part-4/
393. OPP: Other People’s Podcasts (Part 3)	https://teacherluke.co.uk/2016/10/22/393-opp-other-peoples-podcasts-part-3/
392. What are the most essential skills of a good foreign language learner?	https://teacherluke.co.uk/2016/10/19/392-what-are-the-most-essential-skills-of-a-good-foreign-language-learner/
391. Discussing Language, Culture & Comedy with Alexander van Walsum	https://teacherluke.co.uk/2016/10/17/391-discussing-language-culture-comedy-with-alexander-van-walsum/
390. The Rick Thompson Report: Hard Brexit / U.S. Election	https://teacherluke.co.uk/2016/10/14/390-the-rick-thompson-report-hard-brexit-u-s-election/
389. US Presidential Election 2016 – Trump vs Clinton (with Sarah & Sebastian) Part 2	https://teacherluke.co.uk/2016/10/11/389-us-presidential-election-2016-trump-vs-clinton-with-sarah-sebastian-part-2/
388. US Presidential Election 2016 – Trump vs Clinton (with Sarah & Sebastian) Part 1	https://teacherluke.co.uk/2016/10/11/388-us-presidential-election-2016-trump-vs-clinton-with-sarah-and-sebastian/
387. LEP Anecdote Competition Entries – Please listen & vote	https://teacherluke.co.uk/2016/10/07/387-lep-anecdote-competition-entries-please-listen-vote/
386. Breaking the Intermediate Plateau (Part 2)	https://teacherluke.co.uk/2016/10/05/386-breaking-the-intermediate-plateau-part-2/
385. Breaking the Intermediate Plateau (Part 1)	https://teacherluke.co.uk/2016/10/05/385-breaking-the-intermediate-plateau-part-1/
384. Teaching Grammar & Social English	https://teacherluke.co.uk/2016/09/30/384-teaching-grammar-social-english/
383. More Ian Moore	https://teacherluke.co.uk/2016/09/27/383-more-ian-moore/
382. Mod Culture with Ian Moore	https://teacherluke.co.uk/2016/09/21/382-mod-culture-with-ian-moore/
381. Discussing Cultural Differences with Amber & Paul	https://teacherluke.co.uk/2016/09/17/381-discussing-cultural-differences-with-amber-paul/
380. Catching Up with Amber and Paul #3	https://teacherluke.co.uk/2016/09/12/380-catching-up-with-amber-and-paul-3/
379. The LEP Anecdote Competition	https://teacherluke.co.uk/2016/09/07/379-the-lep-anecdote-competition/
378. Holiday in Thailand (Part 2)	https://teacherluke.co.uk/2016/09/05/378-holiday-in-thailand-part-2/
377. Holiday in Thailand (Part 1)	https://teacherluke.co.uk/2016/09/03/377-holiday-in-thailand/
376. A Game of Mini Golf and a Pint (with James)	https://teacherluke.co.uk/2016/08/12/376-a-game-of-mini-golf-and-a-pint-with-james/
375. The LEP Pub Quiz (with Alex Love)	https://teacherluke.co.uk/2016/08/12/375-the-lep-pub-quiz-with-alex-love/
374. Alex’s Edinburgh Fringe Report	https://teacherluke.co.uk/2016/08/12/374-alexs-edinburgh-report/
373. Who Wants to Be Good at English?	https://teacherluke.co.uk/2016/08/10/373-who-wants-to-be-good-at-english/
372. The Importance of Anecdotes in English / Narrative Tenses / Four Anecdotes	https://teacherluke.co.uk/2016/08/09/372-the-importance-of-anecdotes-in-english-narrative-tenses-four-anecdotes
371. In Conversation with Rob Ager from Liverpool (PART 2: Film Analysis / Hidden Meanings / Stanley Kubrick / Conspiracy Theory)	https://teacherluke.co.uk/2016/08/07/371-in-conversation-with-rob-ager-from-liverpool-part-2-film-analysis-hidden-meanings-stanley-kubrick-conspiracy-theory/
370. In Conversation with Rob Ager from Liverpool (PART 1: Life in Liverpool / Interest in Film Analysis)	https://teacherluke.co.uk/2016/08/07/370-in-conversation-with-rob-ager-from-liverpool-part-1-life-in-liverpool-interest-in-film-analysis/
369. Pokémon GO – It’s just a game, OR IS IT?	https://teacherluke.co.uk/2016/08/03/389-pokemon-go-its-just-a-game-or-is-it/
368. The LEP Annual General Meeting 2016 / QUESTIONS	https://teacherluke.co.uk/2016/08/02/368-the-lep-annual-general-meeting-2016-questions/
367. Talking about Nothing with Alex Love (Invaded by Robot Aliens) PART 2	https://teacherluke.co.uk/2016/07/31/367-talking-about-nothing-with-alex-love-invaded-by-robot-aliens-part-2/
366. Talking about Nothing with Alex Love (Invaded by Robot Aliens)	https://teacherluke.co.uk/2016/07/31/366-talking-about-nothing-with-alex-love-invaded-by-robot-aliens/
365. BREXIT: 3 Weeks Later (A conversation with my Dad)	https://teacherluke.co.uk/2016/07/17/365-brexit-3-weeks-later-a-conversation-with-my-dad/
364. TEN TOP TIPS for Learning English	https://teacherluke.co.uk/2016/07/15/364-ten-top-tips-for-learning-english/
363. Muhammad Ali & The Rumble in the Jungle	https://teacherluke.co.uk/2016/07/03/363-muhammad-ali-the-rumble-in-the-jungle/
362. Getting things off my chest! (Part 2) Brexit / Football	https://teacherluke.co.uk/2016/06/28/362-getting-things-off-my-chest-part-2/
361. Getting things off my chest! (Part 1) Brexit / Football	https://teacherluke.co.uk/2016/06/28/361-getting-things-off-my-chest-part-1/
360. THE DAY AFTER BREXIT (Thoughts and feelings)	https://teacherluke.co.uk/2016/06/24/360-the-day-after-brexit-thoughts-and-feelings/
359. BREXIT JOKES / EU REFERENDUM NIGHT	https://teacherluke.co.uk/2016/06/24/359-brexit-jokes-eu-referendum-night/
358. Fête de la Musique / World Music Festival in Paris	https://teacherluke.co.uk/2016/06/23/358-fete-de-la-musique-world-music-festival-in-paris/
357. Learning Languages with Olly Richards	https://teacherluke.co.uk/2016/06/19/357-olly-richards/
356. News / Football / Brexit / Events in the UK / Jo Cox	https://teacherluke.co.uk/2016/06/17/356-lep-meeting-football-brexit-events-in-the-uk-jo-cox/
355. EURO 2016 Football: Hooliganism & Violence in Marseille / England vs Russia	https://teacherluke.co.uk/2016/06/13/355-euro-2016-football-hooliganism-violence-in-marseille-england-vs-russia/
354. Would You Rather…? (with Amber, Paul & James Simpson)	https://teacherluke.co.uk/2016/06/10/354-would-you-rather-with-amber-paul-james-simpson/
353. Award Ceremony / Paris Weather / Crazy Idea	https://teacherluke.co.uk/2016/06/07/353-award-ceremony-paris-weather-crazy-idea/
352. BREXIT: Key Vocabulary and Concepts	https://teacherluke.co.uk/2016/06/07/352-brexit-key-vocabulary-and-concepts/
351. BREXIT: Should the UK leave the EU? (A Conversation with my Dad)	https://teacherluke.co.uk/2016/05/29/351-brexit-should-the-uk-leave-the-eu-a-conversation-with-my-dad/?w3tc_note=flush_all
350. Film Club: X-Men Apocalypse (Review)	https://teacherluke.co.uk/2016/05/26/350-x-men-apocalypse-film-review/
349. Who’s the best superhero? (with Paul Langton)	https://teacherluke.co.uk/2016/05/24/349-whos-the-best-superhero-with-paul-langton/
348. Film Club: Marvel / Captain America Civil War (Part 2)	https://teacherluke.co.uk/2016/05/19/348-marvel-superhero-movies-captain-america-civil-war-part-2/
347. Film Club: Marvel / Captain America Civil War (Part 1)	https://teacherluke.co.uk/2016/05/19/347-marvel-superhero-movies-captain-america-civil-war-part-1/
346. Rambling on a Friday Afternoon	https://teacherluke.co.uk/2016/05/13/346-rambling-on-a-friday-afternoon/
345. ELTon Award Nomination / Phrasal Verbs & Idioms / Brooklyn / The Revenant / Museum of Natural History & More	https://teacherluke.co.uk/2016/05/11/345-elton-award-nomination-phrasal-verbs-idioms-brooklyn-the-revenant-museum-of-natural-history-more/
344. A Totally Terrific Talk on the Terrace with The Tangential Trio (feat. Tom Morton) with Amber & Paul	https://teacherluke.co.uk/2016/04/22/344-a-totally-terrific-talk-on-the-terrace-with-the-tangential-trio-feat-tom-morton/
343. The Interactive Lying Game (with Amber & Paul) / Descriptive Adjectives with T / Three is a Magic Number	https://teacherluke.co.uk/2016/04/20/the-interactive-lying-game/
342. Paul’s “La Bise” Video Success / Audition Story (with Amber & Paul)	https://teacherluke.co.uk/2016/04/18/342-pauls-la-bise-video-success-audition-story-with-amber-paul/
341. Catching Up With Amber & Paul, Again	https://teacherluke.co.uk/2016/04/15/341-catching-up-with-amber-paul-again/
340. LEP Photo Competition Results & Winners / It’s LEP’s 7th Birthday	https://teacherluke.co.uk/2016/04/07/340-lep-photo-competition-results-winners-its-leps-7th-birthday/
339. A Murder Mystery Detective Story (Part 2 of 2)	https://teacherluke.co.uk/2016/04/03/339-a-murder-mystery-detective-story-part-2/
338. A Murder Mystery Detective Story (Part 1 of 2)	https://teacherluke.co.uk/2016/03/31/338-a-murder-mystery-detective-story/
337. MURDER MILE WALKS: Stories of London’s Most Infamous & Shocking Murders [Some Explicit Content + Swearing]	https://teacherluke.co.uk/2016/03/23/337-murder-mile-walks-stories-of-londons-most-infamous-shocking-murders-some-explicit-content-swearing/
336. Drinking Scottish Whisky at a German Business Meeting While Wearing a Kilt and Playing a Flute… and other stories (with Carrick Cameron)	https://teacherluke.co.uk/2016/03/16/336-drinking-scottish-whisky-at-a-german-business-meeting-while-wearing-a-kilt-and-playing-a-flute-and-other-stories-with-carrick-cameron/
335. VOCABULARY REVIEW: Phrases & Expressions from Episode 334.	https://teacherluke.co.uk/2016/03/13/335-vocabulary-review-phrases-expressions-from-episode-334/
334. Interview with Craig Wealand (from InglesPodcast)	https://teacherluke.co.uk/2016/03/09/334-interview-with-craig-wealand-from-inglespodcast/
333. More Misheard Lyrics ♬	https://teacherluke.co.uk/2016/03/01/333-more-misheard-lyrics-♬/
332. Olly Richards: English Polyglot – Top Advice and Strategies for Language Learning	https://teacherluke.co.uk/2016/02/26/332-olly-richards-english-polyglot-top-advice-and-strategies-for-language-learning/
331. How’s your English? (and why speaking is so important)	https://teacherluke.co.uk/2016/02/22/331-hows-your-english-and-why-speaking-is-so-important/
330. Let’s Play… Grand Theft Auto 5 (and learn some English while doing it)	https://teacherluke.co.uk/2016/02/17/330-lets-play-grand-theft-auto-5-and-learn-some-english-while-doing-it/
329. A Rambling Chat with James (News, Stories, Jokes)	https://teacherluke.co.uk/2016/02/14/329-a-rambling-chat-with-james-news-stories-jokes/
328. Cooking with Luke – Verbs and Expressions in the Kitchen	https://teacherluke.co.uk/2016/02/03/328-cooking-with-luke-verbs-and-expressions-in-the-kitchen/
327. The LEP Photo Competition – Please check out the photos and vote	https://teacherluke.co.uk/2016/01/20/327-the-lep-photo-competition-please-check-out-the-photos-and-vote/
326. Catching up with Oli / Future Predictions (Part 2)	https://teacherluke.co.uk/2016/01/20/326-catching-up-with-oli-future-predictions/
325. Catching Up with Oli / Future Predictions (Part 1)	https://teacherluke.co.uk/2016/01/18/325-catching-up-with-oli-future-predictions/
324. David Bowie (Part 2)	https://teacherluke.co.uk/2016/01/14/324-david-bowie-part-2/
323. David Bowie (Part 1)	https://teacherluke.co.uk/2016/01/14/323-david-bowie-part-1/
322. With The Thompsons	https://teacherluke.co.uk/2016/01/07/322-with-the-thompsons/
321. Star Wars Episode VII: The Force Awakens – SPOILER REVIEW	https://teacherluke.co.uk/2016/01/04/321-star-wars-episode-vii-the-force-awakens-spoiler-review/
320. A Christmas Carol by Charles Dickens	https://teacherluke.co.uk/2015/12/23/320-a-christmas-carol-by-charles-dickens/
319. Star Wars VII: The Force Awakens – Reaction (No spoilers!)	https://teacherluke.co.uk/2015/12/16/319-star-wars-vii-the-force-awakens-reaction-no-spoilers/
318. The Rematch (Part 2) with Amber & Paul	https://teacherluke.co.uk/2015/12/16/318-the-rematch-part-2/
317. The Rematch (Part 1) With Amber & Paul	https://teacherluke.co.uk/2015/12/11/the-rematch/
316. British Comedy: Tim Vine (Part 2)	https://teacherluke.co.uk/2015/12/07/316-british-comedy-tim-vine-part-2/
315. Do me a favour – Take my Business English Survey!	https://teacherluke.co.uk/2015/12/03/315-do-me-a-favour-take-my-business-english-survey/
314. Luke’s Guided Sleep Meditation	https://teacherluke.co.uk/2015/12/01/lukes-guided-sleep-meditation/
313. British Comedy: Tim Vine	https://teacherluke.co.uk/2015/11/27/313-british-comedy-tim-vine/
312. The Words of the Year (Part 3) with Amber & Paul	https://teacherluke.co.uk/2015/11/25/312-the-words-of-the-year-part-3/
311. The Words of the Year (Part 2) with Amber & Paul	https://teacherluke.co.uk/2015/11/18/311-the-words-of-the-year-2015-part-2/
310. The Words of the Year (Part 1) with Amber & Paul	https://teacherluke.co.uk/2015/11/18/310-the-words-of-the-year-part-1/
309. The Lying Game (Part 2) With Amber & Paul	https://teacherluke.co.uk/2015/11/11/309-the-lying-game-part-2/
308. The Lying Game (Part 1) With Amber & Paul	https://teacherluke.co.uk/2015/11/07/308-the-lying-game-part-1/
307. The Mystery of Corporate Jargon & Management Speak (Part 2) with Paul Taylor	https://teacherluke.co.uk/2015/11/04/307-the-mystery-of-corporate-jargon-management-speak-part-2/
306. The Mystery of Corporate Jargon & Management Speak (Part 1) with Paul Taylor	https://teacherluke.co.uk/2015/10/28/306-corporate-jargon-management-speak-part-1/
305. Back To The Future (Part 2)	https://teacherluke.co.uk/2015/10/22/305-back-to-the-future-part-2/
304. Back To The Future (Part 1)	https://teacherluke.co.uk/2015/10/21/304-back-to-the-future-part-1/
303. The Battle of Britain	https://teacherluke.co.uk/2015/10/19/303-the-battle-of-britain/
302. Bad Dentist / Star Wars / Adam Buxton / Headphone Jams / Jarvis Cocker	https://teacherluke.co.uk/2015/10/14/302-bad-dentist-star-wars-adam-buxton-headphone-jams-jarvis-cocker/
301. David Cameron & The Pig / Bad Gig Story / Who is Ronnie Pickering?	https://teacherluke.co.uk/2015/10/11/301-david-cameron-the-pig-bad-gig-story-who-is-ronnie-pickering/
300. EPISODE 300 (PART 2)	https://teacherluke.co.uk/2015/10/07/300-episode-300-part-2/
300. EPISODE 300 (PART 1)	https://teacherluke.co.uk/2015/10/07/300-episode-300-part-1/
299. The Bank Robbery (Part 2) (with Amber, Paul and Sebastian)	https://teacherluke.co.uk/2015/09/30/299-the-bank-robbery-part-2/
298. The Bank Robbery (Part 1) (with Amber, Paul & Sebastian)	https://teacherluke.co.uk/2015/09/24/298-the-bank-robbery-part-1/
297. Using Humour in the IELTS Speaking Test (With Jessica from All Ears English)	https://teacherluke.co.uk/2015/09/18/using-humour-in-the-ielts-speaking-test-with-jessica-from-all-ears-english/
296. Learning Comedy is like Learning a Language (with Paul Taylor)	https://teacherluke.co.uk/2015/09/11/296-learning-comedy-is-like-learning-a-language/
295. California Road Trip (Final Part)	https://teacherluke.co.uk/2015/09/07/295-california-road-trip-final-part/
294. California Road Trip (Part 7)	https://teacherluke.co.uk/2015/09/02/294-california-road-trip-part-7/
293. California Road Trip (Part 6)	https://teacherluke.co.uk/2015/09/01/293-california-road-trip-part-6/
292. California Road Trip (Part 5)	https://teacherluke.co.uk/2015/08/31/292-california-road-trip-part-5/
291. California Road Trip (Part 4)	https://teacherluke.co.uk/2015/08/28/291-california-road-trip-part-4/
290. California Road Trip (Part 3)	https://teacherluke.co.uk/2015/08/27/290-california-road-trip-part-3/
289. California Road Trip (Part 2)	https://teacherluke.co.uk/2015/08/26/289-california-road-trip-part-2/
288. California Road Trip (Part 1)	https://teacherluke.co.uk/2015/08/26/288-california-road-trip-part-1/
287. VOCAB BATTLE!!! WITH AMBER & PAUL (exciting title)	https://teacherluke.co.uk/2015/08/04/287-vocab-battle-with-amber-paul-exciting-title/
286. The Wedding Episode	https://teacherluke.co.uk/2015/08/04/286-the-wedding-episode/
285. Ten More Fixed Expressions (with Paul Taylor)	https://teacherluke.co.uk/2015/08/03/285/
284. Questions from Tea4er.ru (Part 2)	https://teacherluke.co.uk/2015/07/08/284-questions-from-tea4er-ru-part-2/
283. Ten Fixed Expressions (with Paul Taylor)	https://teacherluke.co.uk/2015/07/02/283-ten-fixed-expressions/
282. Questions from Tea4er.ru	https://teacherluke.co.uk/2015/06/29/282-questions-from-tea4er-ru/
281. Misheard Lyrics	https://teacherluke.co.uk/2015/06/17/281-misheard-lyrics/
280. The UK’s Favourite Superstitions	https://teacherluke.co.uk/2015/06/14/280-uk-superstitions/
279. Marcus Keeley / Northern Ireland / Accent (Part 3)	https://teacherluke.co.uk/2015/06/10/279-marcus-keeley-northern-ireland-accent-part-3/
278. Marcus Keeley / Northern Ireland (Part 2)	https://teacherluke.co.uk/2015/06/09/278-marcus-keeley-northern-ireland-part-2/
277. A Chat with Marcus Keeley from Northern Ireland (Part 1)	https://teacherluke.co.uk/2015/06/09/277-a-chat-with-marcus-keeley-from-northern-ireland/
276. Q&A Session #5	https://teacherluke.co.uk/2015/06/02/276-qa-session-5/
275. The Phrasal Verb Chronicles #2	https://teacherluke.co.uk/2015/05/29/275-the-phrasal-verb-chronicles-2/
274. Q&A Session #4	https://teacherluke.co.uk/2015/05/26/274-qa-session-4/
273. The Bad Haircut Situation Part 2: More Role Plays & Improvisations (with Amber & Paul)	https://teacherluke.co.uk/2015/05/24/273-the-bad-haircut-situation-part-2-more-role-plays-improvisations/
272. The Bad Haircut Situation (with Amber & Paul)	https://teacherluke.co.uk/2015/05/21/272-the-bad-haircut-situation/
271. Catching Up with Amber & Paul	https://teacherluke.co.uk/2015/05/17/catching-up-with-amber-and-paul/
270. UK General Election RESULTS	https://teacherluke.co.uk/2015/05/15/270-uk-general-election-results/
269. UK General Election 2015 (Part 2)	https://teacherluke.co.uk/2015/05/05/269-uk-general-election-2015-part-2/
268. UK General Election 2015 (Part 1)	https://teacherluke.co.uk/2015/05/03/268-uk-general-election-2015-part-1/
267. Earthquake in Nepal + other news	https://teacherluke.co.uk/2015/05/02/267-earthquake-in-nepal-other-news/
266. Telling Jokes in English (Part 3)	https://teacherluke.co.uk/2015/04/24/266-telling-jokes-in-english-part-3/
265. Telling Jokes in English (Part 2)	https://teacherluke.co.uk/2015/04/23/265-telling-jokes-in-english-part-2/
264. Telling Jokes in English (Part 1)	https://teacherluke.co.uk/2015/04/20/jokes1/
263. Past, Present & Future	https://teacherluke.co.uk/2015/04/08/263-past-present-future/
262. What is Britishness? (Part 2)	https://teacherluke.co.uk/2015/03/03/262-what-is-britishness-part-2/
261. What is Britishness? (Part 1)	https://teacherluke.co.uk/2015/03/03/261-what-is-britishness-part-1/
260. Kingsman: The Secret Service	https://teacherluke.co.uk/2015/02/26/kingsman/
259. Eulogy for Dennis	https://teacherluke.co.uk/2015/02/24/259-eulogy-for-dennis/
258. Award Win / Thank You / Poem	https://teacherluke.co.uk/2015/02/17/258-award-win-thank-you-poem/
257. Be Positive	https://teacherluke.co.uk/2015/02/10/257-be-positive/
256. Reading Books in English (and listening to them too)	https://teacherluke.co.uk/2015/02/01/reading-books-in-english/
255. Taken 3 / Expressions with ‘Take’	https://teacherluke.co.uk/2015/01/26/255-taken-3-expressions-with-take/
254. IELTS Tips & Tricks	https://teacherluke.co.uk/2015/01/22/254-ielts-tips-tricks/
253. Rapping with Fluency MC!	https://teacherluke.co.uk/2015/01/20/fluency-mc/
252. Marooned With My Music: James Thompson	https://teacherluke.co.uk/2015/01/16/marooned-with-my-music-james-thompson/
251. Welcome to LEP / 16 Things You Should Know about LEP	https://teacherluke.co.uk/2015/01/13/251-welcome-to-lep-16-things-you-should-know-about-lep/
250. Marooned With My Music: Gill Thompson	https://teacherluke.co.uk/2015/01/11/250-marooned-with-my-music-gill-thompson/
249. News / LEP Merchandise / Messages	https://teacherluke.co.uk/2015/01/08/249-news-lep-merchandise-messages/
248. Marooned With My Music: Rick Thompson	https://teacherluke.co.uk/2015/01/06/248-marooned-with-my-music-rick-thompson/
247. Understanding The USA	https://teacherluke.co.uk/2015/01/03/247-understanding-america/
246. Flight Stories	https://teacherluke.co.uk/2014/12/24/246-flight-stories/
245. Merry Christmas! (+more) + Video	https://teacherluke.co.uk/2014/12/23/245-merry-christmas-other-news/
244. Urban Myths	https://teacherluke.co.uk/2014/12/15/244-urban-myths/
243. A Life-Changing Teaching Experience in Ghana	https://teacherluke.co.uk/2014/12/11/243-a-life-changing-teaching-experience-in-ghana/
242. 11 Idioms Only Brits Understand (really?)	https://teacherluke.co.uk/2014/12/07/242-11-idioms-only-brits-understand-really/
241. Star Wars	https://teacherluke.co.uk/2014/12/02/241-star-wars/
240. Politicians Avoiding Questions	https://teacherluke.co.uk/2014/12/02/240-politicians-avoiding-questions/
239. Prepositions: Verb Collocations	https://teacherluke.co.uk/2014/11/26/239-prepositions-verb-collocations/
238. Prepositions (Part 1)	https://teacherluke.co.uk/2014/11/24/238-prepositions-failed-attempt/
237. OPP: Other People’s Podcasts (Part 2)	https://teacherluke.co.uk/2014/11/18/237-opp-other-peoples-podcasts-part-2/
236. OPP: Other People’s Podcasts (Part 1)	https://teacherluke.co.uk/2014/11/18/236-opp-other-peoples-podcasts-part-1/
235. British Slang (N to Z)	https://teacherluke.co.uk/2014/11/14/british-slang-n-to-z/
234. Making “Choons” with My Brother	https://teacherluke.co.uk/2014/11/11/234-making-choons-with-jim/
233. YEP! Winner	https://teacherluke.co.uk/2014/11/07/233-yep-winner-edgar-hernandez/
232. YEP! Runners Up (Part 2)	https://teacherluke.co.uk/2014/11/06/232-yep-runners-up-part-2/
231. YEP! Runners Up (Part 1)	https://teacherluke.co.uk/2014/11/06/231-yep-runners-up-part-1/
230. Can You Learn a Language in 6 Months?	https://teacherluke.co.uk/2014/11/04/230-can-you-learn-a-language-in-6-months/
229. Zombies! (Part 2)	https://teacherluke.co.uk/2014/10/30/229-zombies-part-2/
228. Zombies! (Part 1)	https://teacherluke.co.uk/2014/10/30/228-zombies/
227. Sausages, Barcodes & Apple Watches	https://teacherluke.co.uk/2014/10/27/227-sausages-barcodes-apple-watches/
226. On a Boat	https://teacherluke.co.uk/2014/10/21/226-on-a-boat/
225. Film Club: “Taken”	https://teacherluke.co.uk/2014/10/16/film-club-taken/
224. Pronunciation: Verb Tenses & Connected Speech	https://teacherluke.co.uk/2014/10/13/pronunciation-verb-tenses-connected-speech/
223. YEP! Competition Winners	https://teacherluke.co.uk/2014/10/07/223-yep-competition-winners/
222. Luke’s Late Night Podcast	https://teacherluke.co.uk/2014/09/30/222-lukes-late-night-podcast/
221. A Cup of Tea with Corneliu Dragomirescu (Part 2)	https://teacherluke.co.uk/2014/09/23/221-a-cup-of-tea-with-corneliu-dragomirescu-part-2/
220. A Cup of Tea with Corneliu Dragomirescu	https://teacherluke.co.uk/2014/09/17/220-a-cup-of-tea-with-corneliu-dragomirescu/
219. Scottish Independence	https://teacherluke.co.uk/2014/09/10/scottish-independence/
218. YEP! Competition Entries #8	https://teacherluke.co.uk/2014/09/07/218-yep-competition-entries-8/
217. YEP! Competition Entries #7	https://teacherluke.co.uk/2014/09/07/217-yep-competition-entries-7/
216. YEP! Competition Entries #6	https://teacherluke.co.uk/2014/09/07/216-yep-competition-entries-6/
215. YEP! Competition Entries #5	https://teacherluke.co.uk/2014/09/07/215-yep-competition-entries-5/
214. YEP! Competition Entries #4	https://teacherluke.co.uk/2014/09/07/214-yep-competition-entries-4/
213. YEP! Competition Entries #3	https://teacherluke.co.uk/2014/09/07/213-yep-competition-entries-3/
212. YEP! Competition Entries #2	https://teacherluke.co.uk/2014/09/07/212-yep-competition-entries-2/
211. YEP! Competition Entries #1	https://teacherluke.co.uk/2014/09/07/211-yep-competition-entries-1/
210. A Cup of Tea with Noman Hosni	https://teacherluke.co.uk/2014/09/04/210-a-bit-of-a-chat-with-noman-hosni/
209. Travelling in Indonesia (Part 2)	https://teacherluke.co.uk/2014/08/29/209-travelling-in-indonesia-part-2/
208. Travelling in Indonesia (Part 1)	https://teacherluke.co.uk/2014/08/29/208-travelling-in-indonesia-part-1/
207. Competition Inspiration	https://teacherluke.co.uk/2014/08/08/competition-inspiration/
206. Summer in London (Part 2)	https://teacherluke.co.uk/2014/08/06/205-summer-in-london-part-2/
205. Summer in London (Part 1)	https://teacherluke.co.uk/2014/08/05/205-summer-in-london-part-1/
204. Quick Hello: Competition Update & More News	https://teacherluke.co.uk/2014/08/05/204-quick-hello-competition-update-more-news/
203. The Flatmate from Japan	https://teacherluke.co.uk/2014/08/04/203-the-flatmate-from-japan/
202. British Comedy: Monty Python & The Holy Grail	https://teacherluke.co.uk/2014/08/01/202-british-comedy-monty-python-the-holy-grail/
201. Nikolay Kulikov: A Russian Comedian in London	https://teacherluke.co.uk/2014/07/28/201-nikolay-kulikov-a-russian-comedian-in-london/
200. New Competition: “Your English Podcast”	https://teacherluke.co.uk/2014/07/25/200-new-competition-your-english-podcast/
199. The UK/USA Quiz	https://teacherluke.co.uk/2014/07/17/199-the-ukusa-quiz/
198. A Cup of Tea with Molly Martinez	https://teacherluke.co.uk/2014/07/17/198-a-cup-of-tea-with-molly-martinez/
197. World Cup 2014 (Part 6: Final Comments)	https://teacherluke.co.uk/2014/07/15/197-world-cup-2014-part-6-final-comments/
196. Cycling from Coast to Coast	https://teacherluke.co.uk/2014/07/07/196-cycling-from-coast-to-coast/
195. British Comedy: Monty Python’s Flying Circus	https://teacherluke.co.uk/2014/07/04/195-british-comedy-monty-pythons-flying-circus/
194. World Cup 2014 (Part 5: More Forum Comments)	https://teacherluke.co.uk/2014/07/01/world-cup-2014-part-5-more-forum-comments/
193. Culture Shock: Life in London (Pt.2)	https://teacherluke.co.uk/2014/06/30/193-culture-shock-life-in-london-pt-2/
192. Culture Shock: Life in London (Pt.1)	https://teacherluke.co.uk/2014/06/30/192-culture-shock-life-in-london-part-1/
191. Culture Shock: The 4 Stages	https://teacherluke.co.uk/2014/06/25/191-culture-shock-the-4-stages/
190. World Cup 2014 (Part 4: Dad’s Memories of 1966)	https://teacherluke.co.uk/2014/06/23/190-world-cup-2014-part-4-some-history/
189. World Cup 2014 (Part 3: Your Comments)	https://teacherluke.co.uk/2014/06/20/189-world-cup-2014-part-3-your-comments/
188. World Cup 2014 (Part 2: England & The Dark Side of the World Cup)	https://teacherluke.co.uk/2014/06/18/188-world-cup-2014-part-2-england-the-dark-side-of-the-world-cup/
187. World Cup 2014 (Part 1: The Basic Guide)	https://teacherluke.co.uk/2014/06/18/187-world-cup-2014-part-1/
186. Understanding Culture Shock with Lindsay & Gabby	https://teacherluke.co.uk/2014/06/16/understanding-culture-shock/
185. The Trip to New York	https://teacherluke.co.uk/2014/06/13/the-trip-to-new-york/
184. Luke’s D-Day Diary (Part 2)	https://teacherluke.co.uk/2014/06/10/184-lukes-d-day-diary-part-2/
183. Luke’s D-Day Diary	https://teacherluke.co.uk/2014/06/10/183-lukes-d-day-diary/
182. Learning English with Yacine Belhousse	https://teacherluke.co.uk/2014/05/30/182-learning-english-with-yacine-belhousse/
181. Vocabulary & Expressions from Episode 180	https://teacherluke.co.uk/2014/05/23/181-vocabulary-expressions-from-episode-180/
180. How my Brother Dislocated his Shoulder (with James)	https://teacherluke.co.uk/2014/05/20/180-dislocated-shoulder/
179. The Ramblings of an Exhausted Teacher	https://teacherluke.co.uk/2014/05/15/179-the-ramblings-of-an-exhausted-teacher/
178. I’m Still Here	https://teacherluke.co.uk/2014/04/30/178-im-still-here/
177. What Londoners Say vs What They Mean	https://teacherluke.co.uk/2014/04/01/177-what-londoners-say-vs-what-they-mean/
176. Grammar: Verb Tense Review	https://teacherluke.co.uk/2014/03/24/176-grammar-verb-tense-review/
175. The Phrasal Verb Chronicles #1	https://teacherluke.co.uk/2014/03/18/175-the-phrasal-verb-chronicles-1/
174. How to Learn English with Luke’s English Podcast	https://teacherluke.co.uk/2014/03/12/174-how-to-learn-english-with-lukes-english-podcast/
173. The Curse of The Lambton Worm	https://teacherluke.co.uk/2014/03/06/173-the-curse-of-the-lambton-worm/
172. British Comedy: Peter Cook & Dudley Moore	https://teacherluke.co.uk/2014/02/26/172-british-comedy-peter-cook-dudley-moore/
171. A Cup of Tea with Daniel Burt (Part 2)	https://teacherluke.co.uk/2014/02/21/171-a-cup-of-tea-with-daniel-burt-part-2/
170. Basking in My Moment of Glory	https://teacherluke.co.uk/2014/02/19/170-basking-in-my-moment-of-glory/
169. A Cup of Tea with Daniel Burt (Part 1)	https://teacherluke.co.uk/2014/02/15/danielburt/
168. Please Vote! (and stuff like that)	https://teacherluke.co.uk/2014/02/11/168-please-vote-and-stuff-like-that/
167. Memory, Mnemonics & Learning English	https://teacherluke.co.uk/2014/02/05/167-memory-mnemonics-learning-english/
166. The Prawn Story	https://teacherluke.co.uk/2014/01/31/166-the-prawn-story/
165. English Premier League Football	https://teacherluke.co.uk/2014/01/23/english-premier-league-football/
164. Transcript Collaboration	https://teacherluke.co.uk/2014/01/21/164-transcript-collaboration/
163. Skype Chat with My Brother	https://teacherluke.co.uk/2014/01/15/163-skype-chat-with-my-brother/
162. Having Babies: Vocabulary / A Male Perspective	https://teacherluke.co.uk/2014/01/10/162-having-babies-vocabulary-a-male-perspective/
161. She’s Having a Baby	https://teacherluke.co.uk/2014/01/09/161-shes-having-a-baby/
160. The A to Z of Christmas	https://teacherluke.co.uk/2013/12/24/160-the-a-to-z-of-christmas/
157. A Cup of Coffee with… Sarah Donnelly (Part 2)	https://teacherluke.co.uk/2013/12/23/157-a-cup-of-coffee-with-sarah-donnelly-part-2/
156. British Comedy: Ali G	https://teacherluke.co.uk/2013/12/12/156-british-comedy-ali-g/
155. A Cup of Coffee with… Sarah Donnelly	https://teacherluke.co.uk/2013/12/05/155-a-cup-of-coffee-with-sarah-donnelly/
154. British Slang (H to M)	https://teacherluke.co.uk/2013/11/27/154-british-slang-h-to-m/
153. The Talking Dog Story	https://teacherluke.co.uk/2013/11/20/153-the-talking-dog-story/
152. I’m leaving Podomatic… and moving to Audioboo.fm	https://teacherluke.co.uk/2013/11/06/152-im-leaving-podomatic-and-moving-to-audioboo-fm/
151. Google Questions	https://teacherluke.co.uk/2013/10/25/151-google-questions/
150. British Slang (D to G)	https://teacherluke.co.uk/2013/10/25/150-british-slang-d-to-g/
149. Backing Up Into The Cloud	https://teacherluke.co.uk/2013/10/15/149-backing-up-into-the-cloud/
148. British Slang (A to C)	https://teacherluke.co.uk/2013/09/12/148-british-slang-a-to-c/
147. Idioms and Expressions from Episodes 145 & 146	https://teacherluke.co.uk/2013/09/08/147-idioms-and-expressions-from-episodes-145-146/
146. Nightmare Teaching Experiences (Part 2)	https://teacherluke.co.uk/2013/09/05/146-nightmare-teaching-experiences-part-2/
145. Nightmare Teaching Experiences (Part 1)	https://teacherluke.co.uk/2013/09/02/145-nightmare-teaching-experiences-part-1/
144. The Chaos of English Pronunciation	https://teacherluke.co.uk/2013/08/29/144-the-chaos-of-english-pronunciation/
143. A Cup of Tea with… Robert Hoehn	https://teacherluke.co.uk/2013/08/19/143-a-cup-of-tea-with-robert-hoehn/
142. The Annual General Meeting (Part 2)	https://teacherluke.co.uk/2013/08/04/142-the-annual-general-meeting-part-2/
141. The Annual General Meeting (Part 1)	https://teacherluke.co.uk/2013/08/04/141-the-annual-general-meeting-part-1/
140. Ghost Stories	https://teacherluke.co.uk/2013/07/31/140-ghost-stories/
139. Hard Driving	https://teacherluke.co.uk/2013/07/09/139-hard-driving/
138. Discussing Movies (Part 2)	https://teacherluke.co.uk/2013/07/07/138-discussing-movies-part-2/
137. Discussing Movies (Part 1)	https://teacherluke.co.uk/2013/06/29/137-discussing-movies-part-1/
136. Cycling from London to Paris	https://teacherluke.co.uk/2013/06/23/136-clycling-from-london-to-paris/
135. Raining Animals	https://teacherluke.co.uk/2013/06/17/135-raining-animals/
134. The Story of Salvo	https://teacherluke.co.uk/2013/06/11/134-the-story-of-salvo/
133. Hip-Hop Lyric Analysis	https://teacherluke.co.uk/2013/06/01/133-hip-hop-lyric-analysis/
132. Pronouncing ~ed Endings (with Added Romance and Horror)	https://teacherluke.co.uk/2013/05/17/132-pronouncing-ed-endings-with-added-romance-and-horror/
131. Rickipedia	https://teacherluke.co.uk/2013/05/01/131-rickipedia/
130. A Cup of Tea with… Sebastian Marx	https://teacherluke.co.uk/2013/04/17/130-a-cup-of-tea-with-sebastian-marx/
129. A Cup of Tea with… Pierre Gaspard	https://teacherluke.co.uk/2013/04/10/129-a-cup-of-tea-with-pierre-gaspard/
128. Luke’s Stand-Up Comedy Show	https://teacherluke.co.uk/2013/04/07/795/
127. Computer Games	https://teacherluke.co.uk/2013/03/04/127-computer-games/
126. Your Emails, Comments and Questions	https://teacherluke.co.uk/2013/02/20/126-your-emails-comments-and-questions/
125. The Pink Gorilla Story	https://teacherluke.co.uk/2013/02/14/125-the-pink-gorilla-story/
124. James Bond	https://teacherluke.co.uk/2013/01/23/124-james-bond/
123. What’s Been Going On?	https://teacherluke.co.uk/2013/01/20/123-whats-been-going-on/
122. The End of the World?	https://teacherluke.co.uk/2012/12/20/122-the-end-of-the-world/
120. Americanisms	https://teacherluke.co.uk/2012/11/10/120-americanisms/
119. First Impressions of Life in Paris	https://teacherluke.co.uk/2012/10/17/119-first-impressions-of-life-in-paris/
118. Sick in Japan	https://teacherluke.co.uk/2012/10/17/118-sick-in-japan/
117. Psychics / Cold Reading / Barnum Statements	https://teacherluke.co.uk/2012/10/11/117-psychics-cold-reading-barnum-statements/
116. Could it be you…?	https://teacherluke.co.uk/2012/10/10/116-could-it-be-you/
115. A Chat About Music	https://teacherluke.co.uk/2012/10/04/115-a-chat-about-music/
114. Twelve Natural Expressions	https://teacherluke.co.uk/2012/10/02/693/
113. Setting The World To Rights	http://teacherluke.wordpress.com/2012/09/27/113-setting-the-world-to-rights/
112. Vocabulary Review – Episodes 1-11	https://teacherluke.co.uk/2012/09/20/vocabulary-review-episodes-1-11/
111. Thanks for your comments	https://teacherluke.co.uk/2012/09/17/thanks-for-your-comments/
110. A Letter from Luke	https://teacherluke.co.uk/2012/09/12/a-letter-from-luke/
109. Friday Night Banter (aka The Slightly Drunk Episode)	https://teacherluke.co.uk/2012/08/29/friday-night-banter-aka-the-slightly-drunk-episode/
108. In Bed with Luke	https://teacherluke.co.uk/2012/08/06/in-bed-with-luke/
107. Messing Around with Accents and Voices	https://teacherluke.co.uk/2012/07/02/messing-around-with-accents-and-voices/
106. Brighton Fringe Festival #3	https://teacherluke.co.uk/2012/06/29/brighton-fringe-festival-3/
105. Brighton Fringe Festival #2	https://teacherluke.co.uk/2012/06/17/brighton-fringe-festival-2/
104. Brighton Fringe Festival #1	https://teacherluke.co.uk/2012/06/07/brighton-fringe-festival-1/
103. The Queen and The Royal Family	https://teacherluke.co.uk/2012/06/04/the-queen-and-the-royal-family/
102. Competition Winners	https://teacherluke.co.uk/2012/05/30/competition-winners/
101. A Note from Luke	https://teacherluke.co.uk/2012/05/17/a-note-from-luke/
100. Going To The Pub	https://teacherluke.co.uk/2012/05/12/going-to-the-pub/
99. The Rotary Sushi Bar of English	https://teacherluke.co.uk/2012/04/29/the-rotary-sushi-bar-of-english/
98. Luke vs Oliver (Part 2)	https://teacherluke.co.uk/2012/04/28/luke-vs-oliver-part-2/
97. Luke vs Oliver (Part 1)	https://teacherluke.co.uk/2012/04/20/luke-vs-oliver-part-1/
93. Weird… or just different?	https://teacherluke.co.uk/2012/04/11/weird-or-just-different/
92. UK Royal Family Opinions – Video (Part 2) [TRANSCRIPT]	https://teacherluke.co.uk/2012/04/10/uk-royal-family-opinions-video-part-2-video-uploading-now-on-youtube/%20
91. The A to Z of Random Thoughts	https://teacherluke.co.uk/2012/04/10/the-a-to-z-of-random-thoughts/
90. Competition + Phrasal Verbs A, B + C	https://teacherluke.co.uk/2012/04/10/competition-phrasal-verbs-a-b-c/
89. A Day In The Life	https://teacherluke.co.uk/2012/03/13/a-day-in-the-life/
88. How To Play The Drums	https://teacherluke.co.uk/2012/03/12/how-to-play-the-drums/
87. 6 Idioms and 6 Phrasal Verbs	https://teacherluke.co.uk/2012/03/07/6-idioms-and-6-phrasal-verbs/
86. Criminal Law	https://teacherluke.co.uk/2012/03/07/criminal-law/
85. A Stand-up Comedy Gig	https://teacherluke.co.uk/2012/03/06/a-stand-up-comedy-gig/
84. Luke’s English Braincast	https://teacherluke.co.uk/2012/03/06/lukes-english-braincast/
83. How to Swear in British English – VERY RUDE CONTENT	https://teacherluke.co.uk/2012/01/30/how-to-swear-in-british-english-very-rude-content/
82. Voting / Elections / Politics / Government	https://teacherluke.co.uk/2012/01/30/voting-elections-politics-government/
81. What Makes a Great Teacher?	https://teacherluke.co.uk/2012/01/30/what-makes-a-great-teacher/
80. Essential Social English	https://teacherluke.co.uk/2012/01/23/essential-social-english/
79. Family Arguments and Debates	https://teacherluke.co.uk/2012/01/23/family-arguments-and-debates/
78. Christmas – It’s all about Family	https://teacherluke.co.uk/2012/01/23/christmas-its-all-about-family/
77. Bear vs Shark	https://teacherluke.co.uk/2012/01/23/bear-vs-shark/
76. Mind The Gap – How to use the London Underground	https://teacherluke.co.uk/2011/11/07/mind-the-gap-how-to-use-the-london-underground/
75. Not a Distraction!	https://teacherluke.co.uk/2011/11/03/258/
74. UK Royal Family Opinions – English Interviews in London	https://teacherluke.co.uk/2011/11/03/uk-royal-family-opinions-english-interviews-in-london/
73. Steve Jobs	https://teacherluke.co.uk/2011/10/14/steve-jobs/
72. The Cheese Episode	https://teacherluke.co.uk/2011/10/14/the-cheese-episode/
71. The Ice Cream Episode	https://teacherluke.co.uk/2011/10/14/the-ice-cream-episode/
70. Language and Music	https://teacherluke.co.uk/2011/10/14/language-and-music/
69. Common Errors / Typical Mistakes	https://teacherluke.co.uk/2011/10/14/common-errors-typical-mistakes/
68. Childhood / Growing Up / School Days – Phrasal Verbs and Expressions	https://teacherluke.co.uk/2011/10/14/childhood-growing-up-school-days-phrasal-verbs-and-expressions/
67. Cockney / London Accent	https://teacherluke.co.uk/2011/10/14/cockney-london-accent/
66. Top Advice for Learning English / Idioms with ‘say’ / Culture Shock	https://teacherluke.co.uk/2011/10/14/top-advice-for-learning-english-idioms-with-say-culture-shock/
65. London Video Interviews Pt 5	https://teacherluke.co.uk/2011/10/12/london-video-interviews-pt-5/
64. London Video Interviews Part 5 (Video)	https://teacherluke.co.uk/2011/10/12/london-video-interviews-pt-5/
63. German and British Cultural Identity – Paco Erhard interview part 2	https://teacherluke.co.uk/2011/10/12/german-and-british-cultural-identity-paco-erhard-interview-part-2/
62. Learning English – Advice from a German comedian living in London	https://teacherluke.co.uk/2011/10/12/learning-english-advice-from-a-german-comedian-living-in-london/
61. 127 Hours / ‘Hand’ Idioms	https://teacherluke.co.uk/2011/10/12/127-hours-hand-idioms/
60. The King’s Speech / ‘Mouth’ Idioms	https://teacherluke.co.uk/2011/10/12/the-kings-speech-mouth-idioms/
59. Billy Connolly Interview / More Scottish Accent	https://teacherluke.co.uk/2011/10/12/billy-connolly-interview-more-scottish-accent/
58. Scotland / Scottish Accent	https://teacherluke.co.uk/2011/10/12/scotland-scottish-accent/
57. Birmingham Accent / 12 Phrasal Verbs with the letter ‘A’	https://teacherluke.co.uk/2011/10/12/birmingham-accent-12-phrasal-verbs-with-the-letter-a/
56. British Accents and Dialects	https://teacherluke.co.uk/2011/10/12/british-accents-and-dialects/
55. Mini Podcasts Collection 1	https://teacherluke.co.uk/2011/10/12/mini-podcasts-collection-1/
54. Halloween / Guy Fawkes Night	https://teacherluke.co.uk/2011/10/11/halloween-guy-fawkes-night/
53. Discussing Grammar with My Brother	https://teacherluke.co.uk/2011/10/11/discussing-grammar-with-my-brother/
52. London Video Interviews Part 4	https://teacherluke.co.uk/2011/10/11/154/
51. Luke Answers Your Emails and Questions	https://teacherluke.co.uk/2011/10/11/luke-answers-your-emails-and-questions/
50. Good Things Come To Those Who Wait	https://teacherluke.co.uk/2011/10/11/good-things-come-to-those-who-wait/
49. Stand Up Comedy	https://teacherluke.co.uk/2011/10/11/stand-up-comedy/
48. Useful Expressions for Travelling	https://teacherluke.co.uk/2011/10/11/useful-expressions-for-travelling/
47. Travelling in Vietnam	https://teacherluke.co.uk/2011/10/11/travelling-in-vietnam/
46. I’m on Holiday! I’ll be back in a couple of weeks	https://teacherluke.co.uk/2011/10/11/46-im-on-holiday-ill-be-back-in-a-couple-of-weeks/
45. Luke & Andy’s Crime Stories	https://teacherluke.co.uk/2011/10/11/luke-andys-crime-stories/
44. Telling Anecdotes	https://teacherluke.co.uk/2011/10/11/telling-anecdotes/
43. Notting Hill Carnival Video Frustration (Out-takes)	https://wp.me/p4IuUx-29
42. London Video Interviews Pt 3 (Audio)	https://teacherluke.co.uk/2011/03/29/london-video-interviews-pt-3/
41. London Video Interviews Part 3 (Video)	https://teacherluke.co.uk/2011/03/29/london-video-interviews-pt-3/
40. Health / Feeling ill – Phrasal Verbs & Expressions	https://teacherluke.co.uk/2010/03/26/health-feeling-ill-phrasal-verbs-expressions/
39. Subtitles in Videos (Video)	https://teacherluke.co.uk/2010/03/26/subtitles-in-videos/
38. London Video Interviews Part 2 (Audio)	https://teacherluke.co.uk/2010/03/26/116/
37. London Video Interviews Part 2 (Video)	https://teacherluke.co.uk/2010/03/26/116/
36. London Video Interviews – Part 1 (Audio)	https://teacherluke.co.uk/2010/03/25/london-video-interviews-pt-1/
35. London Video Interviews – Part 1 (Video)	https://teacherluke.co.uk/2010/03/25/london-video-interviews-pt-1/
33. Money Money Money – 12 Phrasal Verbs & more…	https://teacherluke.co.uk/2009/11/15/money-money-money-12-phrasal-verbs-more/
32. Doctor Who	https://teacherluke.co.uk/2009/11/14/doctor-who/
31. Hello! / Argument Sketch	https://teacherluke.co.uk/2009/11/14/hello-argument-sketch/
30. The Mystery Continues…	https://teacherluke.co.uk/2009/11/14/the-mystery-continues/
29. Mystery Story / Narrative Tenses	https://teacherluke.co.uk/2009/11/12/mystery-story-narrative-tenses/
28. Interview with a Native Speaker – The Weather	https://teacherluke.co.uk/2009/11/12/interview-with-a-native-speaker-the-weather/
27. British Weather (Lots of exciting vocabulary!!!)	https://teacherluke.co.uk/2009/11/10/british-weather-lots-of-exciting-vocabulary/
26. Are you a good learner of English?	https://teacherluke.co.uk/2009/11/10/are-you-a-good-learner-of-english/
25. Notting Hill Carnival – 40 Phrasal Verbs	https://teacherluke.co.uk/2009/11/07/notting-hill-carnival-40-phrasal-verbs/
24. Music Idioms	https://teacherluke.co.uk/2009/11/07/music-idioms/
23. Summer Music Festivals	https://teacherluke.co.uk/2009/10/20/summer-music-festivals/
22. Full Interview with Vicky from China	https://teacherluke.co.uk/2009/10/20/full-interview-with-vicky-from-china/
21. Learning English with Podcasts – Advice from a Chinese student at Oxford University	https://teacherluke.co.uk/2009/10/20/learning-english-with-podcasts-advice-from-a-chinese-student-at-oxford-university/
20. Beware of Bad Pronunciation	https://teacherluke.co.uk/2009/10/19/beware-of-bad-pronunciation/
19. Passive Verb Forms	https://teacherluke.co.uk/2009/10/19/passive-verb-forms/
18. 10 More Phrasal Verbs	https://teacherluke.co.uk/2009/10/19/46/
17. Hello To My Listeners Around The World	https://teacherluke.co.uk/2009/10/19/hello-to-my-listeners-around-the-world/
16. Michael Jackson	https://teacherluke.co.uk/2009/10/19/episode-11-michael-jackson/
15. Extra Podcast – 12 Phrasal Verbs	https://teacherluke.co.uk/2009/10/19/extra-podcast-12-phrasal-verbs/
14. British & American Pronunciation	https://teacherluke.co.uk/2009/10/19/episode-10-british-and-american-pronunciation/
13. Video Podcast – I LIKE IT!	https://teacherluke.co.uk/2009/10/19/video-podcast-i-like-it/
12. Extra Podcast – Quick Hello 3	https://teacherluke.co.uk/2009/10/19/extra-podcast-quick-hello-3/
11. Men vs Women	https://teacherluke.co.uk/2009/10/19/episode-9-men-vs-women/
10. Extra Podcast – Quick Hello 2	https://teacherluke.co.uk/2009/10/19/extra-podcast-quick-hello-2/
9. Travelling in India	https://teacherluke.co.uk/2009/10/19/episode-8-travelling-in-india/
8. Dating and Relationships	https://teacherluke.co.uk/2009/10/19/episode-7-dating-and-relationships/
7. Susan Boyle	https://teacherluke.co.uk/2009/04/30/episode-6-susan-boyle/
6. Vampires!	https://teacherluke.co.uk/2009/04/24/episode-5-vampires/
5. Joaquin Phoenix	https://teacherluke.co.uk/2009/04/23/episode-4-joaquin-phoenix/
4. Extra Podcast – Quick Hello	https://teacherluke.co.uk/2009/04/19/extra-podcast-quick-hello/
3. Music/The Beatles	https://teacherluke.co.uk/2009/04/15/episode-3-musicthe-beatles/
2. Easter / Interview with my Dad / Language Focus: Adverbials	https://teacherluke.co.uk/2009/04/14/episode-2-easter/
1. Introduction	https://teacherluke.co.uk/2009/04/12/episode-1-introduction/
